MS wascitya 119 -32 42 42
MR wascitya 0 0 0 0 0 0 0 0 0 0 0 0 0 0 0 0 0 0 0 0 0 0 0 0 0 0 0 0 0 0 0 0 0 0 0 0 0 0 0 0 0 0 0
MR wascitya 1 0 0 0 0 0 0 0 0 0 0 0 0 0 0 0 0 0 0 0 0 0 0 0 0 0 0 0 0 0 0 0 0 0 0 0 0 0 0 0 0 0 0
MR wascitya 2 0 0 0 0 0 0 0 0 0 0 0 0 0 0 0 0 0 0 0 0 0 0 0 0 0 0 0 0 0 0 0 0 0 0 0 0 0 0 0 0 0 0
MR wascitya 3 0 0 0 0 0 83 0 0 0 0 0 0 0 0 0 0 0 0 0 0 0 0 0 0 0 0 0 0 0 0 0 0 0 0 0 0 0 0 0 0 0 0
MR wascitya 4 0 0 0 0 85 83 82 0 0 0 0 0 0 0 0 0 0 0 0 0 0 0 0 0 0 0 0 0 0 0 0 0 0 0 0 0 0 0 0 0 0 0
MR wascitya 5 0 0 0 0 82 83 82 0 0 0 0 0 0 0 0 0 0 0 0 0 0 0 0 0 0 0 0 0 0 0 0 0 0 0 0 0 0 0 0 0 0 0
MR wascitya 6 0 0 0 0 83 84 83 0 0 0 0 0 0 0 0 0 0 0 0 0 0 0 0 0 0 0 0 0 0 0 0 0 0 0 0 0 0 0 0 0 0 0
MR wascitya 7 0 0 0 91 84 83 83 83 0 0 0 0 0 0 0 0 0 0 0 0 0 0 0 0 0 0 0 0 0 0 0 0 0 0 0 0 0 0 0 0 0 0
MR wascitya 8 0 0 0 84 84 84 83 83 82 0 0 0 0 0 0 0 0 0 0 0 0 0 0 0 0 0 0 0 0 0 0 0 0 0 0 0 0 0 0 0 0 0
MR wascitya 9 0 0 0 84 84 84 83 83 82 81 86 79 79 79 0 0 0 0 0 0 0 0 0 0 0 0 0 0 0 0 0 0 0 0 0 0 0 0 0 0 0 0
MR wascitya 10 0 0 0 84 85 84 83 83 82 80 79 79 79 79 0 0 0 0 0 0 0 0 82 82 86 89 91 89 83 83 0 0 0 0 0 0 0 0 0 0 0 0
MR wascitya 11 0 0 0 84 84 83 83 82 82 80 79 79 79 79 0 0 0 0 0 0 0 0 83 82 74 75 86 75 76 83 83 0 0 0 0 0 0 0 0 0 0 0
MR wascitya 12 0 0 0 0 0 83 83 0 0 81 79 79 79 79 0 0 0 0 0 0 0 0 83 82 72 73 81 74 75 83 83 0 0 0 0 0 0 0 0 0 0 0
MR wascitya 13 0 0 0 0 0 0 0 0 0 98 79 79 79 79 78 79 76 0 0 0 85 86 86 75 71 71 75 72 73 81 82 86 0 0 0 0 0 0 0 0 0 0
MR wascitya 14 0 0 0 0 0 0 0 0 0 0 85 79 79 79 77 76 76 92 91 90 86 86 86 77 70 70 70 70 71 73 86 86 89 91 93 94 80 0 0 0 0 0
MR wascitya 15 0 0 0 0 0 0 0 0 0 0 79 85 79 79 77 76 75 92 92 87 87 86 85 71 70 70 70 70 70 73 85 79 74 92 78 82 78 81 82 0 0 0
MR wascitya 16 0 0 0 0 0 0 0 0 0 0 79 79 79 79 77 76 75 75 73 73 77 70 72 69 69 69 69 69 69 70 72 72 74 76 76 77 77 80 99 0 0 0
MR wascitya 17 0 0 0 0 0 0 0 0 0 0 79 79 79 79 77 76 75 73 71 70 70 69 69 69 69 69 69 69 69 70 71 72 73 75 74 75 75 79 82 0 0 0
MR wascitya 18 0 0 0 0 0 0 0 0 0 0 0 0 79 79 77 76 74 73 71 70 69 68 69 71 69 69 70 71 69 70 70 71 72 73 74 74 75 78 82 0 0 0
MR wascitya 19 0 0 0 0 0 0 0 0 0 0 0 0 81 80 79 76 75 73 70 68 67 67 67 68 69 69 70 85 72 70 71 72 73 74 74 75 76 78 81 0 0 0
MR wascitya 20 0 0 0 0 0 0 0 0 0 0 0 0 94 85 81 76 75 73 70 69 76 70 67 68 68 68 70 76 76 70 71 74 76 78 77 76 76 77 81 0 0 0
MR wascitya 21 0 0 0 0 0 0 0 0 0 0 0 0 94 93 93 79 75 74 70 69 72 73 75 68 68 67 68 69 70 70 73 76 78 78 79 77 76 77 79 0 0 0
MR wascitya 22 0 0 0 0 0 0 0 0 0 0 0 0 0 0 93 91 90 74 70 69 67 67 67 69 74 67 67 68 69 71 73 78 83 79 84 79 77 78 82 0 0 0
MR wascitya 23 0 0 0 0 0 0 0 0 0 0 0 0 0 0 0 0 89 88 72 69 68 67 67 77 68 67 66 68 69 71 74 78 93 85 85 79 78 78 82 82 0 0
MR wascitya 24 0 0 0 0 0 0 0 0 0 0 0 0 0 0 0 0 88 74 72 70 69 67 67 68 67 67 69 68 69 71 74 78 85 83 78 78 77 78 81 87 0 0
MR wascitya 25 0 0 0 0 0 0 0 0 0 0 0 0 0 0 0 0 90 74 72 71 69 68 67 67 67 67 68 68 69 70 72 75 76 76 77 77 76 76 81 97 0 0
MR wascitya 26 0 0 0 0 0 0 0 0 0 0 0 0 0 0 0 0 90 74 72 71 69 68 67 68 68 68 67 68 69 70 72 73 75 76 76 75 75 76 78 82 0 0
MR wascitya 27 0 0 0 0 0 0 0 0 0 0 0 0 0 0 0 0 86 74 73 71 69 69 68 69 69 69 69 69 69 70 70 71 71 73 73 74 74 75 78 81 0 0
MR wascitya 28 0 0 0 0 0 0 0 0 0 0 0 0 0 0 0 0 87 79 73 71 69 69 69 70 70 70 70 70 70 70 70 70 70 71 72 73 75 77 80 82 0 0
MR wascitya 29 0 0 0 0 0 0 0 0 0 0 0 0 0 0 0 0 87 79 73 71 69 69 70 86 85 85 73 70 70 70 70 70 70 71 73 76 78 79 80 81 0 0
MR wascitya 30 0 0 0 0 0 0 0 0 0 0 0 0 0 0 0 0 91 75 73 71 70 70 70 86 85 86 86 70 70 70 70 70 71 72 74 77 79 79 0 0 0 0
MR wascitya 31 0 0 0 0 0 0 0 0 0 0 0 0 0 0 0 0 91 76 75 72 71 71 71 75 86 86 86 74 71 70 70 70 71 72 76 84 0 0 0 0 0 0
MR wascitya 32 0 0 0 0 0 0 0 0 0 0 0 0 0 0 0 0 0 0 80 74 71 72 73 74 91 87 86 86 86 73 72 73 75 74 77 96 0 0 0 0 0 0
MR wascitya 33 0 0 0 0 0 0 0 0 0 0 0 0 0 0 0 0 0 0 78 79 73 73 74 75 79 87 87 86 86 74 74 74 76 75 81 0 0 0 0 0 0 0
MR wascitya 34 0 0 0 0 0 0 0 0 0 0 0 0 0 0 0 0 0 0 0 79 76 75 74 76 83 87 87 88 88 89 89 89 90 0 0 0 0 0 0 0 0 0
MR wascitya 35 0 0 0 0 0 0 0 0 0 0 0 0 0 0 0 0 0 0 0 78 78 76 75 76 79 80 88 88 88 95 94 90 90 0 0 0 0 0 0 0 0 0
MR wascitya 36 0 0 0 0 0 0 0 0 0 0 0 0 0 0 0 0 0 0 0 0 79 77 76 77 77 93 94 94 94 94 94 94 0 0 0 0 0 0 0 0 0 0
MR wascitya 37 0 0 0 0 0 0 0 0 0 0 0 0 0 0 0 0 0 0 0 0 80 78 76 77 78 79 94 0 0 94 0 0 0 0 0 0 0 0 0 0 0 0
MR wascitya 38 0 0 0 0 0 0 0 0 0 0 0 0 0 0 0 0 0 0 0 0 80 78 78 79 79 80 0 0 0 0 0 0 0 0 0 0 0 0 0 0 0 0
MR wascitya 39 0 0 0 0 0 0 0 0 0 0 0 0 0 0 0 0 0 0 92 91 81 80 80 80 80 81 93 0 0 0 0 0 0 0 0 0 0 0 0 0 0 0
MR wascitya 40 0 0 0 0 0 0 0 0 0 0 0 0 0 0 0 0 0 0 0 91 91 92 93 92 92 0 0 0 0 0 0 0 0 0 0 0 0 0 0 0 0 0
MR wascitya 41 0 0 0 0 0 0 0 0 0 0 0 0 0 0 0 0 0 0 0 0 0 0 0 0 0 0 0 0 0 0 0 0 0 0 0 0 0 0 0 0 0 0
MSEND wascitya 668
MS wascityb 75 -51 55 49
MR wascityb 0 0 0 0 0 0 0 0 0 0 0 0 0 0 0 0 0 0 0 0 0 0 0 0 0 0 0 0 0 0 0 0 0 0 0 0 0 0 0 0 0 0 0 0 0 0 0 0 0 0 0 0 0 0 0 0
MR wascityb 1 0 0 0 0 0 0 0 0 0 0 0 0 0 0 0 0 0 0 0 0 0 0 0 0 0 0 0 0 0 0 0 0 0 0 0 0 0 0 0 0 0 0 0 0 0 0 0 0 0 0 0 0 0 0 0
MR wascityb 2 0 0 0 0 0 0 0 0 0 0 0 0 0 0 0 0 0 0 0 0 0 0 0 0 0 0 0 0 0 0 0 0 0 0 0 0 0 0 0 0 0 0 0 0 0 0 0 0 0 0 0 0 0 0 0
MR wascityb 3 0 0 0 0 0 0 0 0 0 0 0 0 0 0 0 0 0 0 0 0 0 0 0 0 0 0 0 0 66 0 0 0 0 0 0 0 0 0 0 0 0 0 0 0 0 0 0 0 0 0 0 0 0 0 0
MR wascityb 4 0 0 0 0 0 0 0 0 0 0 0 0 0 0 0 0 0 0 0 0 0 0 0 0 0 0 0 0 65 78 79 80 81 81 0 0 0 0 0 0 0 0 0 0 0 0 0 0 0 0 0 0 0 0 0
MR wascityb 5 0 0 0 0 0 0 0 0 0 0 0 0 0 0 0 0 0 0 0 0 0 0 0 0 0 0 0 0 64 76 77 81 81 79 0 0 0 0 0 0 0 0 0 0 0 0 0 0 0 0 0 0 0 0 0
MR wascityb 6 0 0 0 0 0 0 0 0 0 0 0 0 0 0 0 0 0 0 0 0 0 0 0 0 0 0 0 0 63 75 76 81 90 78 77 0 0 0 0 0 0 0 0 0 0 0 0 0 0 0 0 0 0 0 0
MR wascityb 7 0 0 0 0 0 0 0 0 0 0 0 0 0 0 0 0 0 0 0 0 0 0 0 0 0 0 0 0 65 69 75 77 81 77 75 64 0 0 0 0 0 0 0 0 0 0 0 0 0 0 0 0 0 0 0
MR wascityb 8 0 0 0 0 0 0 0 0 0 0 0 0 0 0 0 0 0 0 0 0 0 0 0 75 71 0 0 0 0 64 68 75 76 76 67 65 0 0 0 0 0 0 0 0 0 0 0 0 0 0 0 0 0 0 0
MR wascityb 9 0 0 0 0 0 0 0 0 0 0 0 0 0 0 0 0 0 0 0 0 0 0 69 75 71 0 0 0 0 0 68 66 69 70 65 0 0 0 0 0 0 0 0 0 0 0 0 0 0 0 0 0 0 0 0
MR wascityb 10 0 0 0 0 0 0 0 0 0 0 0 0 0 0 0 0 0 0 0 0 0 0 0 70 0 0 0 0 0 0 0 0 0 67 0 0 0 0 0 0 0 0 0 0 0 0 0 0 0 0 0 0 0 0 0
MR wascityb 11 0 0 0 0 0 0 0 0 0 0 0 0 0 0 0 0 0 0 0 0 0 0 0 0 0 0 0 0 0 0 0 0 0 0 0 0 0 0 0 0 0 0 0 0 0 0 0 0 0 0 0 0 0 0 0
MR wascityb 12 0 0 0 0 0 0 0 0 0 0 0 0 0 0 0 0 0 0 0 0 0 0 0 0 0 0 0 0 0 0 0 0 0 0 0 0 0 0 0 0 0 0 0 0 0 0 0 0 0 0 0 0 0 0 0
MR wascityb 13 0 0 0 0 0 0 0 0 0 0 0 0 0 0 0 0 0 0 0 0 0 0 0 0 0 0 0 0 0 0 0 0 0 0 0 0 0 0 0 0 0 0 0 0 0 0 0 0 0 0 0 0 0 0 0
MR wascityb 14 0 0 0 0 0 0 0 0 76 78 0 0 0 0 0 0 0 0 0 0 0 0 0 0 0 0 0 0 0 0 0 0 0 0 0 0 0 0 0 0 0 0 0 0 0 0 79 97 0 0 0 0 0 0 0
MR wascityb 15 0 0 0 0 0 0 0 0 0 0 78 79 0 0 0 0 0 0 0 0 0 0 0 0 0 0 0 0 0 0 0 0 0 0 0 0 0 0 0 0 0 0 0 0 79 79 0 0 0 0 0 0 0 0 0
MR wascityb 16 0 0 0 0 0 0 0 0 0 0 0 75 75 59 74 0 0 0 0 0 0 0 0 0 0 0 0 0 0 0 0 0 0 0 0 0 0 0 0 0 0 0 79 71 73 69 77 0 0 0 0 0 0 0 0
MR wascityb 17 0 0 0 0 0 0 0 0 0 0 0 73 69 76 75 67 65 63 62 0 0 0 0 0 0 0 0 0 0 0 0 0 0 0 0 0 0 0 0 74 75 0 80 72 78 0 79 0 0 0 0 0 0 0 0
MR wascityb 18 0 0 0 0 0 0 0 0 0 0 0 0 0 74 68 60 69 67 64 63 0 0 0 0 0 0 0 0 0 0 0 0 0 0 0 0 0 0 0 62 71 76 74 0 0 0 0 0 0 0 0 0 0 0 0
MR wascityb 19 0 0 0 0 0 0 0 0 0 0 0 0 0 77 77 76 70 69 69 66 63 0 0 0 71 69 0 0 0 0 0 0 0 0 0 0 0 0 69 75 77 65 61 0 0 0 0 0 0 0 0 0 0 0 0
MR wascityb 20 0 0 0 0 0 0 0 0 0 0 0 0 78 79 78 73 71 70 70 69 63 0 0 0 70 74 72 0 0 0 0 0 0 0 0 0 0 0 65 77 79 0 0 0 0 0 0 0 0 0 0 0 0 0 0
MR wascityb 21 0 0 0 0 0 0 0 0 0 0 0 0 0 79 77 74 73 72 70 69 66 62 62 61 77 82 72 0 0 0 0 0 72 67 0 0 0 71 68 79 0 0 0 0 0 0 0 0 0 0 0 0 0 0 0
MR wascityb 22 0 0 0 0 0 0 0 0 0 0 0 0 0 91 77 77 75 73 71 70 68 64 64 63 70 72 63 0 0 0 0 0 67 67 0 0 0 65 79 79 0 0 0 0 0 0 0 0 0 0 0 0 0 0 0
MR wascityb 23 0 0 0 0 0 0 0 0 0 0 0 0 0 85 79 79 76 74 72 70 69 69 69 67 63 79 0 0 0 0 0 0 60 0 0 0 71 72 79 79 0 0 0 0 0 0 0 0 0 0 0 0 0 0 0
MR wascityb 24 0 0 0 0 0 0 0 0 0 0 0 0 0 85 79 79 79 75 73 70 70 70 70 69 70 74 0 0 0 0 0 0 0 0 66 72 65 79 79 79 94 94 0 0 0 0 0 0 0 0 0 0 0 0 0
MR wascityb 25 0 0 0 0 0 0 0 0 0 0 0 0 0 79 79 79 79 76 65 71 71 72 72 73 76 74 71 72 72 0 0 0 0 72 75 79 76 79 79 79 85 94 0 0 0 0 0 0 0 0 0 0 0 0 0
MR wascityb 26 0 0 0 0 0 0 0 0 0 0 0 0 0 0 79 79 79 79 77 74 74 77 75 77 78 78 75 73 72 65 71 70 71 76 82 81 79 79 79 79 84 94 0 0 0 0 0 0 0 0 0 0 0 0 0
MR wascityb 27 0 0 0 0 0 0 0 0 0 0 0 0 0 0 79 79 79 79 78 77 78 79 78 79 79 79 79 79 79 71 71 79 79 80 82 81 80 80 79 79 85 94 0 0 0 0 0 0 0 0 0 0 0 0 0
MR wascityb 28 0 0 0 0 0 0 0 0 0 0 0 0 0 0 85 79 79 79 79 79 79 94 85 79 79 79 79 79 79 79 79 79 79 79 81 80 79 79 79 79 79 83 94 0 0 0 0 0 0 0 0 0 0 0 0
MR wascityb 29 0 0 0 0 0 0 0 0 0 0 0 0 0 0 100 80 79 79 79 79 79 95 95 95 113 94 95 95 79 79 79 79 79 79 80 80 80 80 79 79 79 79 79 0 0 0 0 0 0 0 0 0 0 0 0
MR wascityb 30 0 0 0 0 0 0 0 0 0 0 0 0 0 0 0 80 80 80 80 80 80 97 95 95 96 96 96 95 85 79 79 79 79 80 80 80 80 80 79 79 79 79 80 0 0 0 0 84 84 0 0 0 0 0 0
MR wascityb 31 0 0 0 0 0 0 0 0 0 0 0 0 0 0 0 81 82 81 81 81 81 88 97 96 96 96 96 97 79 79 80 80 80 81 81 81 81 80 80 80 79 79 80 80 0 0 0 84 84 83 84 0 0 0 0
MR wascityb 32 0 0 0 0 0 0 0 0 0 0 0 0 0 0 0 0 88 83 82 82 81 82 82 88 98 97 94 81 80 81 106 83 81 81 81 82 81 81 81 83 82 79 79 80 82 100 0 84 83 83 89 0 0 0 0
MR wascityb 33 0 0 0 0 0 0 0 0 0 0 0 0 0 0 0 0 101 91 84 83 83 82 82 83 85 82 82 82 82 82 86 83 82 82 82 83 82 83 84 83 84 80 80 80 80 81 87 82 82 82 98 0 0 0 0
MR wascityb 34 0 0 0 0 0 0 0 0 0 0 0 0 0 0 0 0 101 90 88 85 85 84 83 83 83 84 83 83 83 84 88 85 85 84 83 84 84 84 85 106 0 89 87 80 80 81 81 81 81 83 97 0 0 0 0
MR wascityb 35 0 0 0 0 0 0 0 0 0 0 0 0 0 0 0 0 106 106 91 89 87 86 85 85 87 88 86 84 85 87 90 91 90 85 85 85 85 87 89 106 0 0 0 87 80 80 81 87 82 83 0 0 0 0 0
MR wascityb 36 0 0 0 0 0 0 0 0 0 0 0 0 0 0 0 0 106 106 94 93 89 87 86 88 94 92 90 86 86 96 105 105 94 86 86 87 87 90 92 106 0 0 0 0 0 0 0 0 0 0 0 0 0 0 0
MR wascityb 37 0 0 0 0 0 0 0 0 0 0 0 0 0 0 0 0 110 111 111 95 91 89 88 91 95 94 92 87 88 93 105 106 94 89 88 89 89 91 94 109 0 0 0 0 0 0 0 0 0 0 0 0 0 0 0
MR wascityb 38 0 0 0 0 0 0 0 0 0 0 0 0 0 0 0 0 0 111 111 96 93 91 90 91 100 108 92 89 90 93 111 113 97 93 91 91 92 94 109 109 0 0 0 0 0 0 0 0 0 0 0 0 0 0 0
MR wascityb 39 0 0 0 0 0 0 0 0 0 0 0 0 0 0 0 0 0 111 111 100 96 93 91 94 101 100 95 90 92 94 98 113 112 98 94 93 93 99 114 114 0 0 0 0 0 0 0 0 0 0 0 0 0 0 0
MR wascityb 40 0 0 0 0 0 0 0 0 0 0 0 0 0 0 0 0 0 0 0 101 99 99 94 93 97 100 93 93 94 97 101 118 118 103 96 95 96 99 104 114 0 0 0 0 0 0 0 0 0 0 0 0 0 0 0
MR wascityb 41 0 0 0 0 0 0 0 0 0 0 0 0 0 0 0 0 0 0 0 0 103 101 97 96 96 96 95 95 97 100 102 118 119 103 99 97 98 101 103 0 0 0 0 0 0 0 0 0 0 0 0 0 0 0 0
MR wascityb 42 0 0 0 0 0 0 0 0 0 0 0 0 0 0 0 0 0 0 0 0 109 103 99 98 98 98 97 98 100 103 107 113 119 108 103 100 102 104 0 0 0 0 0 0 0 0 0 0 0 0 0 0 0 0 0
MR wascityb 43 0 0 0 0 0 0 0 0 0 0 0 0 0 0 0 0 0 0 0 0 121 104 102 101 102 100 100 101 104 106 108 113 0 121 105 103 107 113 0 0 0 0 0 0 0 0 0 0 0 0 0 0 0 0 0
MR wascityb 44 0 0 0 0 0 0 0 0 0 0 0 0 0 0 0 0 0 0 0 0 0 107 104 104 104 104 103 105 109 112 112 113 0 113 112 108 111 128 0 0 0 0 0 0 0 0 0 0 0 0 0 0 0 0 0
MR wascityb 45 0 0 0 0 0 0 0 0 0 0 0 0 0 0 0 0 0 0 0 0 0 0 107 111 108 109 109 108 112 127 115 0 0 115 116 111 0 0 0 0 0 0 0 0 0 0 0 0 0 0 0 0 0 0 0
MR wascityb 46 0 0 0 0 0 0 0 0 0 0 0 0 0 0 0 0 0 0 0 0 0 0 0 0 110 115 0 0 0 0 0 0 0 0 0 0 0 0 0 0 0 0 0 0 0 0 0 0 0 0 0 0 0 0 0
MR wascityb 47 0 0 0 0 0 0 0 0 0 0 0 0 0 0 0 0 0 0 0 0 0 0 0 0 0 0 0 0 0 0 0 0 0 0 0 0 0 0 0 0 0 0 0 0 0 0 0 0 0 0 0 0 0 0 0
MR wascityb 48 0 0 0 0 0 0 0 0 0 0 0 0 0 0 0 0 0 0 0 0 0 0 0 0 0 0 0 0 0 0 0 0 0 0 0 0 0 0 0 0 0 0 0 0 0 0 0 0 0 0 0 0 0 0 0
MSEND wascityb 731
MS wasstada 134 -42 23 23
MR wasstada 0 0 0 0 0 0 0 0 0 0 0 0 0 0 0 0 0 0 0 0 0 0 0 0
MR wasstada 1 0 0 0 0 0 0 0 0 72 73 0 74 73 73 70 0 0 0 0 0 0 0 0
MR wasstada 2 0 0 0 0 0 0 0 70 70 71 72 72 70 70 71 72 0 0 0 0 0 0 0
MR wasstada 3 0 0 0 0 0 0 70 71 70 70 70 70 70 70 70 70 0 0 0 0 0 0 0
MR wasstada 4 0 0 0 0 74 73 70 70 70 70 70 72 70 70 70 72 70 0 0 0 0 0 0
MR wasstada 5 0 0 0 0 70 70 70 70 70 72 71 76 72 70 70 70 72 72 70 0 0 0 0
MR wasstada 6 0 0 70 70 70 70 70 70 70 70 70 70 74 70 70 70 70 77 70 70 0 0 0
MR wasstada 7 0 0 70 77 70 70 70 70 72 70 70 70 73 70 70 70 70 71 72 70 79 0 0
MR wasstada 8 0 87 83 70 70 70 70 70 70 70 72 71 70 70 70 70 70 71 103 74 72 0 0
MR wasstada 9 0 0 81 70 70 70 70 70 70 70 70 70 70 70 70 70 70 70 71 83 72 0 0
MR wasstada 10 0 87 82 91 70 70 70 70 70 70 70 70 70 70 70 70 70 70 70 70 72 0 0
MR wasstada 11 0 0 81 71 70 70 70 70 70 70 70 70 70 70 70 70 70 70 113 70 72 0 0
MR wasstada 12 0 0 81 70 73 70 70 70 70 70 70 70 70 70 70 70 70 70 73 71 82 0 0
MR wasstada 13 0 0 70 70 77 70 70 70 70 70 70 70 70 70 70 70 70 71 75 70 0 0 0
MR wasstada 14 0 0 0 71 73 113 70 70 70 70 70 70 70 70 70 70 70 70 73 70 0 0 0
MR wasstada 15 0 0 0 85 82 111 70 70 70 70 70 70 70 70 70 70 70 91 80 0 0 0 0
MR wasstada 16 0 0 0 0 78 81 70 72 70 70 70 70 70 70 70 71 91 81 0 0 0 0 0
MR wasstada 17 0 0 0 0 87 73 81 70 81 89 74 93 89 89 80 72 82 0 86 0 0 0 0
MR wasstada 18 0 0 0 0 0 0 71 70 70 91 70 70 70 91 70 70 97 0 0 0 0 0 0
MR wasstada 19 0 0 0 0 0 0 0 0 91 91 91 91 91 91 0 0 0 0 0 0 0 0 0
MR wasstada 20 0 0 0 0 0 0 0 0 91 91 91 91 91 91 0 0 0 0 0 0 0 0 0
MR wasstada 21 0 0 0 0 0 0 0 0 0 0 0 0 0 0 0 0 0 0 0 0 0 0 0
MR wasstada 22 0 0 0 0 0 0 0 0 0 0 0 0 0 0 0 0 0 0 0 0 0 0 0
MSEND wasstada 289
MS wasdoors 135 5 13 12
MR wasdoors 0 0 0 0 0 0 0 0 0 0 0 0 0 0
MR wasdoors 1 0 0 0 0 0 0 0 0 0 0 0 0 0
MR wasdoors 2 0 0 0 0 0 0 0 0 0 0 0 0 0
MR wasdoors 3 0 0 0 91 92 92 93 92 91 90 0 0 0
MR wasdoors 4 0 0 90 83 81 81 81 81 81 83 90 0 0
MR wasdoors 5 0 0 83 82 81 81 81 81 81 82 83 84 0
MR wasdoors 6 0 90 83 82 81 81 81 81 81 82 83 90 0
MR wasdoors 7 0 91 83 82 81 81 81 81 81 82 83 90 0
MR wasdoors 8 0 0 83 82 81 81 81 81 81 82 83 0 0
MR wasdoors 9 0 0 83 82 81 81 81 81 84 92 0 0 0
MR wasdoors 10 0 0 0 0 0 0 0 0 0 92 0 0 0
MR wasdoors 11 0 0 0 0 0 0 0 0 0 0 0 0 0
MSEND wasdoors 66
MS waspala 96 -35 132 188
MR waspala 0 0 0 0 0 0 0 0 0 0 0 0 0 0 0 0 0 0 0 0 0 0 0 0 0 0 0 0 0 0 0 0 0 0 0 0 0 0 0 0 0 0 0 0 0 0 0 0 0 0 0 0 0 0 0 0 0 0 0 0 0 0 0 0 0 0 0 0 0 0 0 0 0 0 0 0 0 0 0 0 0 0 0 0 0 0 0 0 0 0 0 0 0 0 0 0 0 0 0 0 0 0 0 0 0 0 0 0 0 0 0 0 0 0 0 0 0 0 0 0 0 0 0 0 0 0 0 0 0 0 0 0 0
MR waspala 1 0 0 0 0 0 0 0 0 0 0 0 0 0 0 0 0 0 0 0 0 0 0 0 0 0 0 0 0 187 187 187 0 0 0 0 0 0 0 0 0 0 0 0 0 0 0 0 0 0 0 0 0 0 0 0 0 0 0 0 0 0 0 0 0 0 0 0 0 0 0 0 0 0 0 0 0 0 0 0 0 0 0 0 0 0 0 0 0 0 0 0 0 0 0 0 0 0 0 0 0 0 0 0 0 0 0 0 0 0 0 0 0 0 0 0 0 0 0 0 0 0 0 0 0 0 0 0 0 0 0 0 0
MR waspala 2 0 0 0 0 0 0 0 0 0 0 0 0 0 0 0 0 0 0 0 0 0 0 0 0 0 0 187 187 187 186 187 186 186 0 0 0 0 0 0 0 0 0 0 0 0 0 0 0 0 0 0 0 0 0 0 0 0 0 0 0 0 0 0 0 0 0 0 0 0 0 0 0 0 0 0 0 0 0 0 0 0 0 0 0 0 0 0 0 0 0 0 0 0 0 0 0 0 0 0 0 0 0 0 0 0 0 0 0 0 0 0 0 0 0 0 0 0 0 0 0 0 0 0 0 0 0 0 0 0 0 0 0
MR waspala 3 0 0 0 0 0 0 0 0 0 0 0 0 0 0 0 0 0 0 0 0 0 0 0 0 0 186 186 186 186 186 186 186 186 185 0 0 0 0 0 0 0 0 0 0 0 0 0 0 0 0 0 0 0 0 0 0 0 0 0 0 0 0 0 0 0 0 0 0 0 0 0 0 0 0 0 0 0 0 0 0 0 0 0 0 0 0 0 0 0 0 0 0 0 0 0 0 0 0 0 0 0 0 0 0 0 0 0 0 0 0 0 0 0 0 0 0 0 0 0 0 0 0 0 0 0 0 0 0 0 0 0 0
MR waspala 4 0 0 0 0 0 0 0 0 0 0 0 0 0 0 0 0 0 0 0 0 0 0 0 0 0 186 185 186 185 186 185 185 185 185 0 0 0 0 0 0 0 0 0 0 0 0 0 0 0 0 0 0 0 0 0 0 0 0 0 0 0 0 0 0 0 0 0 0 0 0 0 0 0 0 0 0 0 0 0 0 0 0 0 0 0 0 0 0 0 0 0 0 0 0 0 0 0 0 0 0 0 0 0 0 0 0 0 0 0 0 0 0 0 0 0 0 0 0 0 0 0 0 0 0 0 0 0 0 0 0 0 0
MR waspala 5 0 0 0 0 0 0 0 0 0 0 0 0 0 0 0 0 0 0 0 0 0 0 0 0 0 185 185 185 185 185 185 185 185 185 0 0 0 0 0 0 0 0 0 0 0 0 0 0 0 0 0 0 0 0 0 0 0 0 0 0 0 0 0 0 0 0 0 0 0 0 0 0 0 0 0 0 0 0 0 0 0 0 0 0 0 0 0 0 0 0 0 0 0 0 0 0 0 0 0 0 0 0 0 0 0 0 0 0 0 0 0 0 0 0 0 0 0 0 0 0 0 0 0 0 0 0 0 0 0 0 0 0
MR waspala 6 0 0 0 0 0 0 0 0 0 0 0 0 0 0 0 0 0 0 0 0 0 0 0 0 0 186 185 186 186 186 186 185 0 186 0 0 0 0 0 0 0 0 0 0 0 0 0 0 0 0 0 0 0 0 0 0 0 0 0 0 0 0 0 0 0 0 0 0 0 0 0 0 0 0 0 0 0 0 0 0 0 0 0 0 0 0 0 0 0 0 0 0 0 0 0 0 0 0 0 0 0 0 0 0 0 0 0 0 0 0 0 0 0 0 0 0 0 0 0 0 0 0 0 0 0 0 0 0 0 0 0 0
MR waspala 7 0 0 0 0 0 0 0 0 0 0 0 0 0 0 0 0 0 0 0 0 0 0 0 0 0 185 185 186 186 186 186 185 185 187 0 0 0 0 0 0 0 0 0 0 0 0 0 0 0 0 0 0 0 0 0 0 0 0 0 0 0 0 0 0 0 0 0 0 0 0 0 0 0 0 0 0 0 0 0 0 0 0 0 0 0 0 0 0 0 0 0 0 0 0 0 0 0 0 0 0 0 0 0 0 0 0 0 0 0 0 0 0 0 0 0 0 0 0 0 0 0 0 0 0 0 0 0 0 0 0 0 0
MR waspala 8 0 0 0 0 0 0 0 0 0 0 0 0 0 0 0 0 0 0 0 0 0 0 0 0 0 186 185 186 187 187 186 185 185 196 0 0 0 0 0 0 0 0 0 0 0 0 0 0 0 0 0 0 0 0 0 0 0 0 0 0 0 0 0 0 0 0 0 0 0 0 0 0 0 0 0 0 0 0 0 0 0 0 0 0 0 0 0 0 0 0 0 0 0 0 0 0 0 0 0 0 0 0 0 0 0 0 0 0 0 0 0 0 0 0 0 0 0 0 0 0 0 0 0 0 0 0 0 0 0 0 0 0
MR waspala 9 0 0 0 0 0 0 0 0 0 0 0 0 0 0 0 0 0 0 0 0 0 0 0 0 0 0 187 186 184 184 186 186 187 0 0 0 0 0 0 0 0 0 0 0 0 0 0 0 0 0 0 0 0 0 0 0 0 0 0 0 0 0 0 0 0 0 0 0 0 0 0 0 0 0 0 0 0 0 0 0 0 0 0 0 0 0 0 0 0 0 0 0 0 0 0 0 0 0 0 0 0 0 0 0 0 0 0 0 0 0 0 0 0 0 0 0 0 0 0 0 0 0 0 0 0 0 0 0 0 0 0 0
MR waspala 10 0 0 0 0 0 0 0 0 0 0 0 0 0 0 0 0 0 0 0 0 0 0 0 0 0 0 0 188 186 186 188 188 0 0 0 0 0 0 0 0 0 0 0 0 0 0 0 0 0 0 0 0 0 0 0 0 0 0 0 0 0 0 0 0 0 0 0 0 0 0 0 0 0 0 0 0 0 0 0 0 0 0 0 0 0 0 0 0 0 0 0 0 0 0 0 0 0 0 0 0 0 0 0 0 0 0 0 0 0 0 0 0 0 0 0 0 0 0 0 0 0 0 0 0 0 0 0 0 0 0 0 0
MR waspala 11 0 0 0 0 0 0 0 0 0 0 0 0 0 0 0 0 0 0 0 0 0 0 0 0 0 0 0 0 0 0 0 0 0 0 0 0 0 0 0 0 0 0 0 0 0 0 0 0 0 0 0 0 0 0 0 0 0 0 0 0 0 0 0 0 0 0 0 0 0 0 0 0 0 0 0 0 0 0 0 0 0 0 0 0 0 0 0 0 0 0 0 0 0 0 0 0 0 0 0 0 0 0 0 0 0 0 0 0 0 0 0 0 0 0 0 0 0 0 0 0 0 0 0 0 0 0 0 0 0 0 0 0
MR waspala 12 0 0 0 0 0 0 0 0 0 0 0 0 0 0 0 0 0 0 0 0 0 0 0 0 0 0 0 0 0 0 0 0 0 0 0 0 0 0 0 0 0 0 0 0 0 0 0 0 0 0 0 0 0 0 0 0 0 0 0 0 0 0 0 0 0 0 0 0 0 0 0 0 0 0 0 0 0 0 0 0 0 0 0 0 0 0 0 0 0 0 0 0 0 0 0 0 0 0 0 0 0 0 0 0 0 0 0 0 0 0 0 0 0 0 0 0 0 0 0 0 0 0 0 0 0 0 0 0 0 0 0 0
MR waspala 13 0 0 0 0 0 0 0 0 0 0 0 0 0 0 0 0 0 0 0 0 0 0 0 0 0 0 0 0 0 0 0 0 0 0 0 0 0 0 0 0 0 0 0 0 0 0 0 0 0 0 0 0 0 0 0 0 0 0 0 0 0 0 0 0 0 0 0 0 0 0 0 0 0 0 0 0 0 0 0 0 0 0 0 0 0 0 0 0 0 0 0 0 0 0 0 0 0 0 0 0 0 0 0 0 0 0 0 0 0 0 0 0 0 0 0 0 0 0 0 0 0 0 0 0 0 0 0 0 0 0 0 0
MR waspala 14 0 0 0 0 0 0 0 0 0 0 0 0 0 0 0 0 0 0 0 0 0 0 0 0 0 0 0 0 0 0 0 0 0 0 0 0 0 0 0 0 0 0 0 0 0 0 0 0 0 0 0 0 0 0 0 0 0 0 0 0 0 0 0 0 0 0 0 0 0 0 0 0 0 0 0 0 0 0 0 0 0 0 0 0 0 0 0 0 0 0 0 0 0 0 0 0 0 0 0 0 0 0 0 0 0 0 0 0 0 0 0 0 0 0 0 0 0 0 0 0 0 0 0 0 0 0 0 0 0 0 0 0
MR waspala 15 0 0 0 0 0 0 0 0 0 0 0 0 0 0 0 0 0 0 0 0 0 0 0 0 0 0 0 0 0 0 0 0 0 0 0 0 0 0 0 0 0 0 0 0 0 0 0 0 0 0 0 0 0 0 0 0 0 0 0 0 0 0 0 0 0 0 0 0 0 0 0 0 0 0 0 0 0 0 0 0 0 0 0 0 0 0 0 0 0 0 0 0 0 0 0 0 0 0 0 0 0 0 0 0 0 0 0 0 0 0 0 0 0 0 0 0 0 0 0 0 0 0 0 0 0 0 0 0 0 0 0 0
MR waspala 16 0 0 0 0 0 0 0 0 0 0 0 0 0 0 0 0 0 0 0 0 0 0 0 0 0 0 0 0 0 0 0 0 0 0 0 0 0 0 0 0 0 0 0 0 0 0 0 0 0 0 0 0 0 0 0 0 0 0 0 0 0 0 0 0 0 0 0 0 0 0 0 0 0 0 0 0 0 0 0 0 0 0 0 0 0 0 0 0 0 0 0 0 0 0 0 0 0 0 0 0 0 0 0 0 0 0 0 0 0 0 0 0 0 0 0 0 0 0 0 0 0 0 0 0 0 0 0 0 0 0 0 0
MR waspala 17 0 0 0 0 0 0 0 0 0 0 0 0 0 0 0 0 0 0 0 0 0 0 0 0 0 0 0 0 0 0 0 0 0 0 0 0 0 0 0 0 0 0 0 0 0 0 0 0 0 0 0 0 0 0 0 0 0 0 0 0 0 0 0 0 0 0 0 0 0 0 0 0 0 0 0 0 0 0 0 0 0 0 0 0 0 0 0 0 0 0 0 0 0 0 0 0 0 0 0 0 0 0 0 0 0 0 0 0 0 0 0 0 0 0 0 0 0 0 0 0 0 0 0 0 0 0 0 0 0 0 0 0
MR waspala 18 0 0 0 0 0 0 0 0 0 0 0 0 0 0 0 0 0 0 0 0 0 0 0 0 0 0 0 0 0 0 0 0 0 0 0 0 0 0 0 0 0 0 0 0 0 0 0 0 0 0 0 0 0 0 0 0 0 0 0 0 0 0 0 0 0 0 0 0 0 0 0 0 0 0 0 0 0 0 0 0 0 0 0 0 0 0 0 0 0 0 0 0 0 0 0 0 0 0 0 0 0 0 0 0 0 0 0 0 0 0 0 0 0 0 0 0 0 0 0 0 0 0 0 0 0 0 0 0 0 0 0 0
MR waspala 19 0 0 0 0 0 0 0 0 0 0 0 0 0 0 0 0 0 0 0 0 0 0 0 0 0 0 0 0 0 0 0 0 0 0 0 0 0 0 0 0 0 0 0 0 0 0 0 0 0 0 0 0 0 0 0 0 0 0 0 0 0 0 0 0 0 0 0 0 0 0 0 0 0 0 0 0 0 0 0 0 0 0 0 0 0 0 0 0 0 0 0 0 0 0 0 0 0 0 0 0 0 0 0 0 0 0 0 0 0 0 0 0 0 0 0 0 0 0 0 0 0 0 0 0 0 0 0 0 0 0 0 0
MR waspala 20 0 0 0 0 0 0 0 0 0 0 0 0 0 0 0 0 0 0 0 0 0 0 0 0 0 0 0 0 0 0 0 0 0 0 0 0 0 0 0 0 0 0 0 0 0 0 0 0 0 0 0 0 0 0 0 0 0 0 0 0 0 0 0 0 0 0 0 0 0 0 0 0 0 0 0 0 0 0 0 0 0 0 0 0 0 0 0 0 0 0 0 0 0 0 0 0 0 0 0 0 0 0 0 0 0 0 0 0 0 0 0 0 0 0 0 0 0 0 0 0 0 0 0 0 0 0 0 0 0 0 0 0
MR waspala 21 0 0 0 0 0 0 0 0 0 0 0 0 0 0 0 0 0 0 0 0 0 0 0 0 0 0 0 0 0 0 0 0 0 0 0 0 0 0 0 0 0 0 0 0 0 0 0 0 0 0 0 0 0 0 0 0 0 0 0 0 0 0 0 0 0 0 0 0 0 0 0 0 0 0 0 0 0 0 0 0 0 0 0 0 0 0 0 0 0 0 0 0 0 0 0 0 0 0 0 0 0 0 0 0 0 0 0 0 0 0 0 0 0 0 0 0 0 0 0 0 0 0 0 0 0 0 0 0 0 0 0 0
MR waspala 22 0 0 0 0 0 0 0 0 0 0 0 0 0 0 0 0 0 0 0 0 0 0 0 0 0 0 0 0 0 0 0 0 0 0 0 0 0 0 0 0 0 0 0 0 0 0 0 0 0 0 0 0 0 0 0 0 0 0 0 0 0 0 0 0 0 0 0 0 0 0 0 0 0 0 0 0 0 0 0 0 0 0 0 0 0 0 0 0 0 0 0 0 0 0 0 0 0 0 0 0 0 0 0 0 0 0 0 0 0 0 0 0 0 0 0 0 0 0 0 0 0 0 0 0 0 0 0 0 0 0 0 0
MR waspala 23 0 0 0 0 0 0 0 0 0 0 0 0 0 0 0 0 0 0 0 0 0 0 0 0 0 0 0 0 0 0 0 0 0 0 0 0 0 0 0 0 0 0 0 0 0 0 0 0 0 0 0 0 0 0 0 0 0 0 0 0 0 0 0 0 0 0 0 0 0 0 0 0 0 0 0 0 0 0 0 0 0 0 0 0 0 0 0 0 0 0 0 0 0 0 0 0 0 0 0 0 0 0 0 0 0 0 0 0 0 0 0 0 0 0 0 0 0 0 0 0 0 0 0 0 0 0 0 0 0 0 0 0
MR waspala 24 0 0 0 0 0 0 0 0 0 0 0 0 0 0 0 0 0 0 0 0 0 0 0 0 0 0 0 0 0 0 0 0 0 0 0 0 0 0 0 0 0 0 0 0 0 0 0 0 0 0 0 0 0 0 0 0 0 0 0 0 0 0 0 0 0 0 0 0 0 0 0 0 0 0 0 0 0 0 0 0 0 0 0 0 0 0 0 0 0 0 0 0 0 0 0 0 0 0 0 0 0 0 0 0 0 0 0 0 0 0 0 0 0 0 0 0 0 0 0 0 0 0 0 0 0 0 0 0 0 0 0 0
MR waspala 25 0 0 0 0 0 0 0 0 0 0 0 0 0 0 0 0 0 0 0 0 0 0 0 0 0 0 0 0 0 0 0 0 0 0 0 0 0 0 0 0 0 0 0 0 0 0 0 0 0 0 0 0 0 0 0 0 0 0 0 0 0 0 0 0 0 0 0 0 0 0 0 0 0 0 0 0 0 0 0 0 0 0 0 0 0 0 0 0 0 0 0 0 0 0 0 0 0 0 0 0 0 0 0 0 0 0 0 0 0 0 0 0 0 0 0 0 0 0 0 0 0 0 0 0 0 0 0 0 0 0 0 0
MR waspala 26 0 0 0 0 0 0 0 0 0 0 0 0 0 0 0 0 0 0 0 0 0 0 0 0 0 0 0 0 0 0 0 0 0 0 0 0 0 0 0 0 0 0 0 0 0 0 0 0 0 0 0 0 0 0 0 0 0 0 0 0 0 0 0 0 0 0 0 0 0 0 0 0 0 0 0 0 0 0 0 0 0 0 0 0 0 0 0 0 0 0 0 0 0 0 0 0 0 0 0 0 0 0 0 0 0 0 0 0 0 0 0 0 0 0 0 0 0 0 0 0 0 0 0 0 0 0 0 0 0 0 0 0
MR waspala 27 0 0 0 0 0 0 0 0 0 0 0 0 0 0 0 0 0 0 0 0 0 0 0 0 0 0 0 0 0 0 0 0 0 0 0 0 0 0 0 0 0 0 0 0 0 0 0 0 0 0 0 0 0 0 0 0 0 0 0 0 0 0 0 0 0 0 0 0 0 0 0 0 0 0 0 0 0 0 0 0 0 0 0 0 0 0 0 0 0 0 0 0 0 0 0 0 0 0 0 0 0 0 0 0 0 0 0 0 0 0 0 0 0 0 0 0 0 0 0 0 0 0 0 0 0 0 0 0 0 0 0 0
MR waspala 28 0 0 0 0 0 0 0 0 0 0 0 0 0 0 0 0 0 0 0 0 0 0 0 0 0 0 0 0 0 0 0 0 0 0 0 0 0 0 0 0 0 0 0 0 0 0 0 0 0 0 0 0 0 0 0 0 0 0 0 0 0 0 0 0 0 0 0 0 0 0 0 0 0 0 0 0 0 0 0 0 0 0 0 0 0 0 0 0 0 0 0 0 0 0 0 0 0 0 0 0 0 0 0 0 0 0 0 0 0 0 0 0 0 0 0 0 0 0 0 0 0 0 0 0 0 0 0 0 0 0 0 0
MR waspala 29 0 0 0 0 0 0 0 0 0 0 0 0 0 0 0 0 0 0 0 0 0 0 0 0 0 0 0 0 0 0 0 0 0 0 0 0 0 0 0 0 0 0 0 0 0 0 0 0 0 0 0 0 0 0 0 0 0 0 0 0 0 0 0 0 0 0 0 0 0 0 0 0 0 0 0 0 0 0 0 0 0 0 0 0 0 0 0 0 0 0 0 0 0 0 0 0 0 0 0 0 0 0 0 0 0 0 0 0 0 0 0 0 0 0 0 0 0 0 0 0 0 0 0 0 0 0 0 0 0 0 0 0
MR waspala 30 0 0 0 0 0 0 0 0 0 0 0 0 0 0 0 0 0 0 0 0 0 0 0 0 0 0 0 0 0 0 0 0 0 0 0 0 0 0 0 0 0 0 0 0 0 0 0 0 0 0 0 0 0 0 0 0 0 0 0 0 0 0 0 0 0 0 0 0 0 0 0 0 0 0 0 0 0 0 0 0 0 0 0 0 0 0 0 0 0 0 0 0 0 0 0 0 0 0 0 0 0 0 0 0 0 0 0 0 0 0 0 0 0 0 0 0 0 0 0 0 0 0 0 0 0 0 0 0 0 0 0 0
MR waspala 31 0 0 0 0 0 0 0 0 0 0 0 0 0 0 0 0 0 0 0 0 0 0 0 0 0 0 0 0 0 0 0 0 0 0 0 0 0 0 0 0 0 0 0 0 0 0 0 0 0 0 0 0 0 0 0 0 0 0 0 0 0 0 0 0 0 0 0 0 0 0 0 0 0 0 0 0 0 0 0 0 0 0 0 0 0 0 0 0 0 0 0 0 0 0 0 0 0 0 0 0 0 0 0 0 0 0 0 0 0 0 0 0 0 0 0 0 0 0 0 0 0 0 0 0 0 0 0 0 0 0 0 0
MR waspala 32 0 0 0 0 0 0 0 0 0 0 0 0 0 0 0 0 0 0 0 0 0 0 0 0 0 0 0 0 0 0 0 0 0 0 0 0 0 0 0 0 0 0 0 0 0 0 0 0 0 0 0 0 0 0 0 0 0 0 0 0 0 0 0 0 0 0 0 0 0 0 0 0 0 0 0 0 0 0 0 0 0 0 0 0 0 0 0 0 0 0 0 0 0 0 0 0 0 0 0 0 0 0 0 0 0 0 0 0 0 0 0 0 0 0 0 0 0 0 0 0 0 0 0 0 0 0 0 0 0 0 0 0
MR waspala 33 0 0 0 0 0 0 0 0 0 0 0 0 0 0 0 0 0 0 0 0 0 0 0 0 0 0 0 0 0 0 0 0 0 0 0 0 0 0 0 0 0 0 0 0 0 0 0 0 0 0 0 0 0 0 0 0 0 0 0 0 0 0 0 0 0 0 0 0 0 0 0 0 0 0 0 0 0 0 0 0 0 0 0 0 0 0 0 0 0 0 0 0 0 0 0 0 0 0 0 0 0 0 0 0 0 0 0 0 0 0 0 0 0 0 0 0 0 0 0 0 0 0 0 0 0 0 0 0 0 0 0 0
MR waspala 34 0 0 0 0 0 0 0 0 0 0 0 0 0 0 0 0 0 0 0 0 0 0 0 0 0 0 0 0 0 0 0 0 0 0 0 0 0 0 0 0 0 0 0 0 0 0 0 0 0 0 0 0 0 0 0 0 0 0 0 0 0 0 0 0 0 0 0 0 0 0 0 0 0 0 0 0 0 0 0 0 0 0 0 0 0 0 0 0 0 0 0 0 0 0 0 0 0 0 0 0 0 0 0 0 0 0 0 0 0 0 0 0 0 0 0 0 0 0 0 0 0 0 0 0 0 0 0 0 0 0 0 0
MR waspala 35 0 0 0 0 0 0 0 0 0 0 0 0 0 0 0 0 0 0 0 0 0 0 0 0 0 0 0 0 0 0 0 0 0 0 0 0 0 0 0 0 0 0 0 0 0 0 0 0 0 0 0 0 0 0 0 0 0 0 0 0 0 0 0 0 0 0 0 0 0 0 0 0 0 0 0 0 0 0 0 0 0 0 0 0 0 0 0 0 0 0 0 0 0 0 0 0 0 0 0 0 0 0 0 0 0 0 0 0 0 0 0 0 0 0 0 0 0 0 0 0 0 0 0 0 0 0 0 0 0 0 0 0
MR waspala 36 0 0 0 0 0 0 0 0 0 0 0 0 0 0 0 0 0 0 0 0 0 0 0 0 0 0 0 0 0 0 0 0 0 0 0 0 0 0 0 0 0 0 0 0 0 0 0 0 0 0 0 0 0 0 0 0 0 0 0 0 0 0 0 0 0 0 0 0 0 0 0 0 0 0 0 0 0 0 0 0 0 0 0 0 0 0 0 0 0 0 0 0 0 0 0 0 0 0 0 0 0 0 0 0 0 0 0 0 0 0 0 0 0 0 0 0 0 0 0 0 0 0 0 0 0 0 0 0 0 0 0 0
MR waspala 37 0 0 0 0 0 0 0 0 0 0 0 0 0 0 0 0 0 0 0 0 0 0 0 0 0 0 0 0 0 0 0 0 0 0 0 0 0 0 0 0 0 0 0 0 0 0 0 0 0 0 0 0 0 0 0 0 0 0 0 0 0 0 0 0 0 0 0 0 0 0 0 0 0 0 0 0 0 0 0 0 0 0 0 0 0 0 0 0 0 0 0 0 0 0 0 0 0 0 0 0 0 0 0 0 0 0 0 0 0 0 0 0 0 0 0 0 0 0 0 0 0 0 0 0 0 0 0 0 0 0 0 0
MR waspala 38 0 0 0 0 0 0 0 0 0 0 0 0 0 0 0 0 0 0 0 0 0 0 0 0 0 0 0 0 0 0 0 0 0 0 0 0 0 0 0 0 0 0 0 0 0 0 0 0 0 0 0 0 0 0 0 0 0 0 0 0 0 0 0 0 0 0 0 0 0 0 0 0 0 0 0 0 0 0 0 0 0 0 0 0 0 0 0 0 0 0 0 0 0 0 0 0 0 0 0 0 0 0 0 0 0 0 0 0 0 0 0 0 0 0 0 0 0 0 0 0 0 0 0 0 0 0 0 0 0 0 0 0
MR waspala 39 0 0 0 0 0 0 0 0 0 0 0 0 0 0 0 0 0 0 0 0 0 0 0 0 0 0 0 0 0 0 0 0 0 0 0 0 0 0 0 0 0 0 0 0 0 0 0 0 0 0 0 0 0 0 0 0 0 0 0 0 0 0 0 0 0 0 0 0 0 0 0 0 0 0 0 0 0 0 0 0 0 0 0 0 0 0 0 0 0 0 0 0 0 0 0 0 0 0 0 0 0 0 0 0 0 0 0 0 0 0 0 0 0 0 0 0 0 0 0 0 0 0 0 0 0 0 0 0 0 0 0 0
MR waspala 40 0 0 0 0 0 0 0 0 0 0 0 0 0 0 0 0 0 0 0 0 0 0 0 0 0 0 0 0 0 0 0 0 0 0 0 0 0 0 0 0 0 0 0 0 0 0 0 0 0 0 0 0 0 0 0 0 0 0 0 0 0 0 0 0 0 0 0 0 0 0 0 0 0 0 0 0 0 0 0 0 0 0 0 0 0 0 0 0 0 0 0 0 0 0 0 0 0 0 0 0 0 0 0 0 0 0 0 0 0 0 0 0 0 0 0 0 0 0 0 0 0 0 0 0 0 0 0 0 0 0 0 0
MR waspala 41 0 0 0 0 0 0 0 0 0 0 0 0 0 0 0 0 0 0 0 0 0 0 0 0 0 0 0 0 0 0 0 0 0 0 0 0 0 0 0 0 0 0 0 0 0 0 0 0 0 0 0 0 0 0 0 0 0 0 0 0 0 0 0 0 0 0 0 0 0 0 0 0 0 0 0 0 0 0 0 0 0 0 0 0 0 0 0 0 0 0 0 0 0 0 0 0 0 0 0 0 0 0 0 0 0 0 0 0 0 0 0 0 0 0 0 0 0 0 0 0 0 0 0 0 0 0 0 0 0 0 0 0
MR waspala 42 0 0 0 0 0 0 0 0 0 0 0 0 0 0 0 0 0 0 0 0 0 0 0 0 0 0 0 0 0 0 0 0 0 0 0 0 0 0 0 0 0 0 0 0 0 0 0 0 0 0 0 0 0 0 0 0 0 0 0 0 0 0 0 0 0 0 0 0 0 0 0 0 0 0 0 0 0 0 0 0 0 0 0 0 0 0 0 0 0 0 0 0 0 0 0 0 0 0 0 0 0 0 0 0 0 0 0 0 0 0 0 0 0 0 0 0 0 0 0 0 0 0 0 0 0 0 0 0 0 0 0 0
MR waspala 43 0 0 0 0 0 0 0 0 0 0 0 0 0 0 0 0 0 0 0 0 0 0 0 0 0 0 0 0 0 0 0 0 0 0 0 0 0 0 0 0 0 0 0 0 0 0 0 0 0 0 0 0 0 0 0 0 0 0 0 0 0 0 0 0 0 0 0 0 0 0 0 0 0 0 0 0 0 0 0 0 0 0 0 0 0 0 0 0 0 0 0 0 0 0 0 0 0 0 0 0 0 0 0 0 0 0 0 0 0 0 0 0 0 0 0 0 0 0 0 0 0 0 0 0 0 0 0 0 0 0 0 0
MR waspala 44 0 0 0 0 0 0 0 0 0 0 0 0 0 0 0 0 0 0 0 0 0 0 0 0 0 0 0 0 0 0 0 0 0 0 0 0 0 0 0 0 0 0 0 0 0 0 0 0 0 0 0 0 0 0 0 0 0 0 0 0 0 0 0 0 0 0 0 0 0 0 0 0 0 0 0 0 0 0 0 0 0 0 0 0 0 0 0 0 0 0 0 0 0 0 0 0 0 0 0 0 0 0 0 0 0 0 0 0 0 0 0 0 0 0 0 0 0 0 0 0 0 0 0 0 0 0 0 0 0 0 0 0
MR waspala 45 0 0 0 0 0 0 0 0 0 0 0 0 0 0 0 0 0 0 0 0 0 0 0 0 0 0 0 0 0 0 0 0 0 0 0 0 0 0 0 0 0 0 0 0 0 0 0 0 0 0 0 0 0 0 0 0 0 0 0 0 0 0 0 0 0 0 0 0 0 0 0 0 0 0 0 0 0 0 0 0 0 0 0 0 0 0 0 0 0 0 0 0 0 0 0 0 0 0 0 0 0 0 0 0 0 0 0 0 0 0 0 0 0 0 0 0 0 0 0 0 0 0 0 0 0 0 0 0 0 0 0 0
MR waspala 46 0 0 0 0 0 0 0 0 0 0 0 0 0 0 0 0 0 0 0 0 0 0 0 0 0 0 0 0 0 0 0 0 0 0 0 0 0 0 0 0 0 0 0 0 0 0 0 0 0 0 0 0 0 0 0 0 0 0 0 0 0 0 0 0 0 0 0 0 0 0 0 0 0 0 0 0 0 0 0 0 0 0 0 0 0 0 0 0 0 0 0 0 0 0 0 0 0 0 0 0 0 0 0 0 0 0 0 0 0 0 0 0 0 0 0 0 0 0 0 0 0 0 0 0 0 0 0 0 0 0 0 0
MR waspala 47 0 0 0 0 0 0 0 0 0 0 0 0 0 0 0 0 0 0 0 0 0 0 0 0 0 0 0 0 0 0 0 0 0 0 0 0 0 0 0 0 0 0 0 0 0 0 0 0 0 0 0 0 0 0 0 0 0 0 0 0 0 0 0 0 0 0 0 0 0 0 0 0 0 0 0 0 0 0 0 0 0 0 0 0 0 0 0 0 0 0 0 0 0 0 0 0 0 0 0 0 0 0 0 0 0 0 0 0 0 0 0 0 0 0 0 0 0 0 0 0 0 0 0 0 0 0 0 0 0 0 0 0
MR waspala 48 0 0 0 0 0 0 0 0 0 0 0 0 0 0 0 0 0 0 0 0 0 0 0 0 0 0 0 0 0 0 0 0 0 0 0 0 0 0 0 0 0 0 0 0 0 0 0 0 0 0 0 0 0 0 0 0 0 0 0 0 0 0 0 0 0 0 0 0 0 0 0 0 0 0 0 0 0 0 0 0 0 0 0 0 0 0 0 0 0 0 0 0 0 0 0 0 0 0 0 0 0 0 0 0 0 0 0 0 90 94 0 0 0 0 0 0 0 0 0 0 0 0 0 89 0 0 0 0 0 0 0 0
MR waspala 49 0 0 0 0 0 0 0 0 0 0 0 0 0 0 0 0 0 0 0 0 0 0 0 0 0 0 0 0 0 0 0 0 0 0 0 0 0 0 0 0 0 0 0 0 0 0 0 0 0 0 0 0 0 0 0 0 0 0 0 0 0 0 0 0 0 0 0 0 0 0 0 0 0 0 0 0 0 0 0 0 0 0 0 0 0 0 0 0 0 0 0 0 0 0 0 0 0 0 0 0 0 0 0 0 0 0 0 88 90 94 98 102 106 0 0 0 0 0 0 0 0 0 100 89 0 0 0 0 0 0 0 0
MR waspala 50 0 0 0 0 0 0 0 0 0 0 0 0 0 0 0 0 0 0 0 0 0 0 0 0 0 0 0 0 0 0 0 0 84 86 0 0 0 0 0 0 0 0 0 0 0 0 0 0 87 0 0 0 0 0 0 0 0 0 0 0 0 0 0 0 0 0 0 0 0 0 0 0 0 0 0 0 0 0 0 0 0 0 0 0 0 0 0 0 0 0 0 0 0 0 0 0 0 0 0 0 0 0 0 0 0 0 0 88 90 94 98 102 106 110 114 118 0 0 0 0 0 112 101 89 0 0 0 0 0 0 0 0
MR waspala 51 0 0 0 0 0 0 0 0 0 0 0 0 0 0 0 0 0 0 0 0 0 0 104 0 0 0 0 0 0 0 0 0 84 86 90 94 98 0 0 0 0 0 0 0 0 0 0 93 87 0 0 0 0 0 0 0 0 0 0 0 0 0 0 0 0 0 0 0 0 0 0 0 0 0 0 0 0 0 0 0 0 0 0 0 0 0 0 0 0 0 0 0 0 0 0 0 0 0 0 0 0 0 0 0 0 0 0 88 90 94 98 102 106 110 114 118 122 126 130 0 124 112 101 89 0 0 0 0 0 0 0 0
MR waspala 52 0 0 0 0 0 0 0 0 0 0 0 0 0 0 0 0 0 0 0 0 0 106 109 107 105 0 0 0 0 0 0 0 84 86 90 94 98 102 106 110 0 0 0 0 0 0 104 93 87 0 0 0 0 0 0 0 0 0 0 0 0 0 0 0 0 0 0 0 0 0 0 0 0 0 0 0 0 0 0 0 0 0 0 0 0 0 0 0 0 0 0 0 0 0 0 0 0 0 0 0 0 0 0 0 0 0 0 0 93 102 106 109 112 116 119 123 126 129 133 136 124 112 101 89 0 0 0 0 0 0 0 0
MR waspala 53 0 0 0 0 0 0 0 112 114 0 0 0 0 0 0 0 0 0 0 0 105 109 116 115 107 105 0 0 0 0 0 0 84 86 90 94 98 102 106 110 114 118 122 0 0 116 105 93 87 0 0 0 0 0 0 0 0 0 0 0 0 0 0 0 0 0 0 0 0 0 0 0 0 0 0 0 0 0 0 0 0 0 0 0 0 0 0 0 0 0 0 0 0 0 0 0 0 0 0 0 0 0 0 0 0 0 0 0 92 101 110 120 126 129 133 136 145 154 163 136 124 112 101 89 0 0 0 0 0 0 0 0
MR waspala 54 0 0 0 0 112 116 112 120 124 0 0 0 0 0 0 0 0 0 0 105 108 115 122 127 120 112 108 106 0 0 0 0 85 90 93 97 100 104 107 110 114 118 122 126 128 116 105 93 87 0 0 0 0 0 0 0 0 0 0 0 0 0 0 0 0 0 0 0 0 0 0 0 0 0 0 0 0 0 0 0 0 0 0 0 0 0 0 0 0 0 0 0 0 0 0 0 0 0 0 0 0 0 0 0 0 0 0 90 96 105 113 119 128 141 160 168 168 168 163 136 124 112 101 89 0 0 0 0 0 0 0 0
MR waspala 55 0 0 115 112 120 128 139 145 137 119 0 0 0 0 0 0 0 0 104 108 114 121 128 135 132 125 116 108 104 0 0 0 85 89 99 108 114 117 121 124 127 131 139 149 128 116 105 93 87 0 0 0 0 0 0 0 0 0 0 0 0 0 0 0 0 0 0 0 0 0 0 0 0 0 0 0 0 0 0 0 0 0 0 0 0 0 0 0 0 0 0 0 0 0 0 0 0 0 0 0 0 0 0 0 0 0 88 94 103 112 119 119 128 144 164 168 168 177 163 136 124 113 101 89 0 0 0 0 0 0 0 0
MR waspala 56 0 0 0 119 135 145 145 145 145 134 116 0 0 0 0 0 0 104 107 114 121 127 134 141 144 137 129 121 113 104 107 0 84 89 98 107 117 126 138 147 155 163 163 152 128 116 105 93 87 0 0 0 0 0 0 0 0 0 0 0 0 0 0 0 0 0 0 0 0 0 0 0 0 0 0 0 0 0 0 0 0 0 0 0 0 0 0 0 0 0 0 0 0 0 0 0 0 0 0 0 0 0 0 0 0 91 92 101 110 119 128 123 129 146 168 168 176 174 164 136 124 113 101 89 0 0 0 0 0 0 0 0
MR waspala 57 0 0 0 114 118 139 149 155 158 146 128 125 0 0 0 0 106 106 113 120 127 134 140 148 159 148 141 134 126 117 109 105 84 89 98 107 116 126 143 163 163 163 169 152 128 116 105 93 87 0 0 0 0 0 0 0 0 0 0 0 0 0 0 0 0 0 0 0 0 0 0 0 0 0 0 0 0 0 0 0 0 0 0 0 0 0 0 0 0 0 0 0 0 0 0 0 0 0 0 0 0 0 0 0 89 90 99 108 118 127 136 132 131 148 168 170 167 161 155 136 124 113 101 89 0 0 0 0 0 0 0 0
MR waspala 58 0 0 0 0 121 125 142 151 150 145 136 121 118 0 0 106 106 113 119 126 134 142 150 162 175 174 157 146 139 130 122 114 105 88 97 106 116 127 145 163 163 173 169 152 128 116 105 93 87 0 0 0 0 0 0 0 0 0 0 0 0 0 0 0 0 0 0 0 0 0 0 0 0 0 0 0 0 0 0 0 0 0 0 0 0 0 0 0 0 0 0 0 0 0 0 0 0 0 0 0 0 0 0 0 92 97 107 116 125 134 153 151 140 154 156 149 143 136 134 132 124 113 101 89 0 0 0 0 0 0 0 0
MR waspala 59 0 0 0 0 0 116 130 144 135 125 116 116 0 0 105 105 112 119 127 136 144 153 165 183 183 183 183 169 151 143 135 127 118 110 102 106 115 128 147 163 167 165 162 152 128 117 105 93 87 0 0 0 0 0 0 0 0 0 0 0 0 0 0 0 0 0 0 0 0 0 0 0 0 0 0 0 0 0 0 0 0 0 0 0 0 0 0 0 0 0 0 0 0 0 0 0 0 0 0 0 0 0 0 90 95 105 114 123 132 149 169 169 163 153 139 135 131 126 124 122 120 113 101 89 0 0 0 0 0 0 0 0
MR waspala 60 0 0 0 0 0 0 115 124 120 115 0 0 0 0 105 111 120 128 136 145 153 173 183 183 183 183 193 186 171 152 143 135 126 118 110 106 116 130 154 159 153 147 141 134 128 117 105 93 87 0 0 0 0 0 0 0 0 0 0 0 0 0 0 0 0 0 0 0 0 0 0 0 0 0 0 0 0 0 0 0 0 0 0 0 0 0 0 0 0 0 0 0 0 0 0 0 0 0 0 0 0 0 89 94 103 112 121 130 144 166 175 177 174 171 166 152 136 128 118 112 111 109 101 89 0 0 0 0 0 0 0 0
MR waspala 61 0 0 0 0 0 0 118 119 0 0 0 0 0 0 0 105 110 118 126 135 143 149 163 179 186 190 186 171 152 143 135 126 118 110 101 105 118 131 134 130 128 126 124 122 120 117 105 93 87 0 0 0 0 0 0 0 0 0 0 0 0 0 0 0 0 0 0 0 0 0 0 0 0 0 0 0 0 0 0 0 0 0 0 0 0 0 0 0 0 0 0 0 0 0 0 0 0 0 0 0 0 91 92 101 110 119 128 140 161 168 168 168 168 168 152 137 128 118 109 102 101 99 97 89 0 0 0 0 0 0 0 0
MR waspala 62 0 0 0 0 0 0 0 0 0 0 0 0 0 0 0 0 104 108 116 125 133 141 146 154 170 181 171 152 143 135 126 118 110 91 95 106 119 122 121 120 118 116 114 112 110 108 105 93 87 0 0 0 0 0 0 0 0 0 0 0 0 0 0 0 0 0 0 0 0 0 0 0 0 0 0 0 0 0 0 0 0 0 0 0 0 0 0 0 0 0 0 0 0 0 0 0 0 0 0 0 0 90 94 101 108 115 122 128 135 148 162 168 168 152 138 128 118 110 103 95 92 93 92 89 0 0 0 0 0 0 0 0
MR waspala 63 0 0 0 0 0 0 0 0 0 0 0 0 0 0 0 0 0 107 106 115 123 131 138 144 149 161 152 143 135 126 118 110 106 86 95 108 111 110 108 107 106 105 103 102 100 99 97 93 87 0 0 0 0 0 0 0 0 0 0 0 0 0 0 0 0 0 0 0 0 0 0 0 0 0 0 0 0 0 0 0 0 0 0 0 0 0 0 0 0 0 0 0 0 0 0 0 0 0 0 0 0 0 91 91 94 101 108 115 121 128 133 145 152 138 128 120 112 105 98 90 89 0 0 0 0 0 0 0 0 0 0 0
MR waspala 64 0 0 0 0 0 0 0 0 0 0 0 0 0 0 0 0 0 0 105 105 113 121 129 135 141 147 143 135 126 118 110 106 0 85 96 99 98 97 95 94 93 92 90 89 88 87 85 84 84 0 0 0 0 0 0 0 0 0 0 0 0 0 0 0 0 0 0 0 0 0 0 0 0 0 0 0 0 0 0 0 0 0 0 0 0 0 0 0 0 0 0 0 0 0 0 0 0 0 0 0 0 0 0 0 91 91 94 101 108 114 121 127 132 129 122 115 107 100 92 88 0 0 0 0 0 0 0 0 0 0 0 0
MR waspala 65 0 0 0 0 0 0 0 0 0 0 0 0 0 0 0 0 0 0 0 104 107 111 119 127 133 138 135 126 118 110 106 0 0 85 87 86 85 84 89 88 86 85 84 83 0 0 0 0 0 0 0 0 0 0 0 0 0 0 0 0 0 0 0 0 0 0 0 0 0 0 0 0 0 0 0 0 0 0 0 0 0 0 0 0 0 0 0 0 0 0 0 0 0 0 0 0 0 0 0 0 0 0 0 0 0 0 91 90 94 101 107 114 120 124 117 109 102 94 89 0 0 0 0 0 0 0 0 0 0 0 0 0
MR waspala 66 0 0 0 0 0 0 0 0 0 0 0 0 0 0 0 0 0 0 0 0 0 105 109 118 124 130 126 118 110 106 0 0 0 0 0 0 0 0 0 0 0 0 0 0 0 0 0 0 0 0 0 0 0 0 0 0 0 0 0 0 0 0 0 0 0 0 0 0 0 0 0 0 0 0 0 0 0 0 0 0 0 0 0 0 0 0 0 0 0 0 0 0 0 0 0 0 0 0 0 0 0 0 0 0 0 0 0 0 90 90 94 100 107 113 111 104 96 89 0 0 0 0 0 0 0 0 0 0 0 0 0 0
MR waspala 67 0 0 0 0 0 0 0 0 0 0 0 0 0 0 0 0 0 0 0 0 0 0 104 108 116 122 118 110 106 0 0 0 0 0 0 0 0 0 0 0 0 0 0 0 0 0 0 0 0 0 0 0 0 0 0 0 0 0 0 0 0 0 0 0 0 0 0 0 0 0 0 0 0 0 0 0 0 0 0 0 0 0 0 0 0 0 0 0 0 0 0 0 0 0 0 0 0 0 0 0 0 0 0 0 0 0 0 0 0 0 90 90 93 100 106 98 91 90 0 0 0 0 0 0 0 0 0 0 0 0 0 0
MR waspala 68 0 0 0 0 0 0 0 0 0 0 0 0 0 0 0 0 0 0 0 0 0 0 0 107 106 113 110 106 0 0 0 0 0 0 0 0 0 0 0 0 0 0 0 0 0 0 0 0 0 0 0 0 0 0 0 0 0 0 0 0 0 0 0 0 0 0 0 0 0 0 0 0 0 0 0 0 0 0 0 0 0 0 0 0 0 0 0 0 0 0 0 0 0 0 0 0 0 0 0 0 0 0 0 0 0 0 0 0 0 0 0 0 90 90 93 93 89 0 0 0 0 0 0 0 0 0 0 0 0 0 0 0
MR waspala 69 0 0 0 0 0 0 0 0 0 0 0 0 0 0 0 0 0 0 0 0 0 0 0 104 108 109 106 0 0 0 0 0 0 0 0 0 0 0 0 0 0 0 0 0 0 0 0 0 0 0 0 0 0 0 0 0 0 0 0 0 0 0 0 0 0 0 0 0 0 0 0 0 0 0 0 0 0 0 0 0 0 0 0 0 0 0 0 0 0 0 0 0 0 0 0 0 0 0 0 0 0 0 0 0 0 0 0 0 0 0 0 0 0 0 90 90 0 0 0 0 0 0 0 0 0 0 0 0 0 0 0 0
MR waspala 70 0 0 0 0 0 0 0 0 0 0 0 0 0 0 0 0 0 0 0 0 0 0 104 107 114 117 109 105 0 0 0 0 0 0 0 0 0 0 0 0 0 0 0 0 0 0 0 0 0 0 0 0 0 0 0 0 0 0 0 0 0 0 0 0 0 0 0 0 0 0 0 0 0 0 0 0 0 0 0 0 0 0 0 0 0 0 0 0 0 0 0 0 0 0 0 0 0 0 0 0 0 0 0 0 0 0 0 0 0 0 0 0 0 0 0 0 0 0 0 0 0 0 0 0 0 0 0 0 0 0 0 0
MR waspala 71 0 0 0 0 0 0 0 0 0 0 0 0 0 0 0 0 0 0 0 0 0 106 107 114 120 127 122 114 106 104 0 0 0 0 0 0 0 0 0 0 0 0 0 0 0 0 0 0 0 0 0 0 0 0 0 0 0 0 0 0 0 0 0 0 0 0 0 0 0 0 0 0 0 0 0 0 0 0 0 0 0 0 0 0 0 0 0 0 0 0 0 0 0 0 0 0 0 0 0 0 0 0 0 0 0 0 0 0 0 0 0 0 0 0 0 0 0 0 0 0 0 0 0 0 0 0 0 0 0 0 0 0
MR waspala 72 0 0 0 0 0 0 0 0 0 0 0 0 0 0 0 0 0 0 0 0 106 106 113 120 127 133 134 126 118 110 106 104 0 0 0 0 0 0 0 0 0 0 0 0 0 0 0 0 0 0 0 0 0 0 0 0 0 0 0 0 0 0 0 0 0 0 0 0 0 0 0 0 0 0 0 0 0 0 0 0 0 0 0 0 0 0 0 0 0 0 0 0 0 0 0 0 0 0 0 0 0 0 0 0 0 0 0 0 0 0 0 0 0 0 0 0 0 0 0 0 0 0 0 0 0 0 0 0 0 0 0 0
MR waspala 73 0 0 0 0 0 0 0 0 0 0 0 0 0 0 0 0 0 0 0 104 106 112 119 126 133 140 146 138 131 123 115 106 105 0 0 0 0 0 0 0 0 0 0 0 0 0 0 0 0 0 0 0 0 0 0 0 0 0 0 0 0 0 0 0 0 0 0 0 0 0 0 0 0 0 0 0 0 0 0 0 0 0 0 0 0 0 0 0 0 0 0 0 0 0 0 0 0 0 0 0 0 0 0 0 0 0 0 0 0 0 0 0 0 0 0 0 0 0 0 0 0 0 0 0 0 0 0 0 0 0 0 0
MR waspala 74 0 0 0 0 0 0 0 0 0 0 0 0 0 0 0 0 106 104 106 111 116 122 127 132 139 146 156 150 143 136 128 119 111 107 105 0 0 0 0 0 0 0 0 0 0 0 0 0 0 0 0 0 0 0 0 0 0 0 0 0 0 0 0 0 0 0 0 0 0 0 0 0 0 0 0 0 0 0 0 0 0 0 0 0 0 0 0 0 0 0 0 0 0 0 0 0 0 0 0 0 0 0 0 0 0 0 0 0 0 0 0 0 0 0 0 0 0 0 0 0 0 0 0 0 0 0 0 0 0 0 0 0
MR waspala 75 0 0 0 0 0 0 0 0 0 0 0 0 0 105 108 105 110 116 121 126 131 136 141 144 148 160 172 178 161 148 141 132 124 116 107 106 0 0 0 0 0 0 0 0 0 0 0 0 0 0 0 0 0 0 0 0 0 0 0 0 0 0 0 0 0 0 0 0 0 0 0 0 0 0 0 0 0 0 0 0 0 0 0 0 0 0 0 0 0 0 0 0 0 0 0 0 0 0 0 0 0 0 0 0 0 0 0 0 0 0 0 0 0 0 0 0 0 0 0 0 0 0 0 0 0 0 0 0 0 0 0 0
MR waspala 76 0 0 0 0 0 0 0 0 0 0 0 107 105 110 115 120 125 130 135 140 145 150 154 150 163 179 183 183 183 174 155 145 137 129 120 112 104 106 0 0 0 0 0 0 0 0 0 0 0 0 0 0 0 0 0 0 0 0 0 0 0 0 0 0 0 0 0 0 0 0 0 0 0 0 0 0 0 0 0 0 0 0 0 0 0 0 0 0 0 0 0 0 0 0 0 0 0 0 0 0 0 0 0 0 0 0 0 0 0 0 0 0 0 0 0 0 0 0 0 0 0 0 0 0 0 0 0 0 0 0 0 0
MR waspala 77 0 0 0 0 0 0 0 0 0 0 0 106 115 123 128 133 138 143 148 156 169 182 159 168 183 183 183 196 195 188 175 156 145 137 128 120 112 107 0 0 0 0 0 0 0 0 0 0 0 0 0 0 0 0 0 0 0 0 0 0 0 0 0 0 0 0 0 0 0 0 0 0 0 0 0 0 0 0 0 0 0 0 0 0 0 0 0 0 0 0 0 0 0 0 0 0 0 0 0 0 0 0 0 0 0 0 0 0 0 0 0 0 0 0 0 0 0 0 0 0 0 0 0 0 0 0 0 0 0 0 0 0
MR waspala 78 0 0 0 0 0 0 0 0 0 0 0 104 113 122 131 141 150 163 175 183 183 185 161 150 158 176 185 189 188 175 156 145 137 128 120 112 110 104 0 0 0 0 0 0 0 0 0 0 0 0 0 0 0 0 0 0 0 0 0 0 0 0 0 0 0 0 0 0 0 0 0 0 0 0 0 0 0 0 0 0 0 0 0 0 0 0 0 0 0 0 0 0 0 0 0 0 0 0 0 0 0 0 0 0 0 0 0 0 0 0 0 0 0 0 0 0 0 0 0 0 0 0 0 0 0 0 0 0 0 0 0 0
MR waspala 79 0 0 0 0 0 0 0 0 0 0 0 107 112 121 130 139 150 169 183 183 196 186 164 159 161 164 168 178 175 156 145 137 128 120 116 115 117 106 0 0 0 0 0 0 0 0 0 0 0 0 0 0 0 0 0 0 0 0 0 0 0 0 0 0 0 0 0 0 0 0 0 0 0 0 0 0 0 0 0 0 0 0 0 0 0 0 0 0 0 0 0 0 0 0 0 0 0 0 0 0 0 0 0 0 0 0 0 0 0 0 0 0 0 0 0 0 0 0 0 0 0 0 0 0 0 0 0 0 0 0 0 0
MR waspala 80 0 0 0 0 0 0 0 0 0 0 0 106 110 119 128 137 150 169 183 183 190 186 168 168 170 171 173 174 167 145 137 128 123 120 123 128 119 109 105 0 0 0 0 0 0 0 0 0 0 0 0 0 0 0 0 0 0 0 0 0 0 0 0 0 0 0 0 0 0 0 0 0 0 0 0 0 0 0 0 0 0 0 0 0 0 0 0 0 0 0 0 0 0 0 0 0 0 0 0 0 0 0 0 0 0 0 0 0 0 0 0 0 0 0 0 0 0 0 0 0 0 0 0 0 0 0 0 0 0 0 0 0
MR waspala 81 0 0 0 0 0 0 0 0 0 0 0 104 109 118 127 136 149 169 183 185 179 180 176 177 179 180 182 183 172 158 128 124 126 131 135 134 121 112 105 0 0 0 0 0 0 0 0 0 0 0 0 0 0 0 0 0 0 0 0 0 0 0 0 0 0 0 0 0 0 0 0 0 0 0 0 0 0 0 0 0 0 0 0 0 0 0 0 0 0 0 0 0 0 0 0 0 0 0 0 0 0 0 0 0 0 0 0 0 0 0 0 0 0 0 0 0 0 0 0 0 0 0 0 0 0 0 0 0 0 0 0 0
MR waspala 82 0 0 0 0 0 0 0 0 0 0 0 0 107 116 125 136 149 173 176 182 186 186 186 187 188 189 191 190 177 163 130 134 139 143 148 136 124 115 106 0 0 0 0 0 0 0 0 0 0 0 0 0 0 0 0 0 0 0 0 0 0 0 0 0 0 0 0 0 0 0 0 0 0 0 0 0 0 0 0 0 0 0 0 0 0 0 0 0 0 0 0 0 0 0 0 0 0 0 0 0 0 0 0 0 0 0 0 0 0 0 0 0 0 0 0 0 0 0 0 0 0 0 0 0 0 0 0 0 0 0 0 0
MR waspala 83 0 0 0 0 0 0 0 0 0 0 0 0 106 115 124 136 149 159 166 179 192 200 200 200 200 200 200 195 182 168 142 144 148 157 152 138 126 118 109 104 0 0 0 0 0 0 0 0 0 0 0 0 0 0 0 0 0 0 0 0 0 0 0 0 0 0 0 0 0 0 0 0 0 0 0 0 0 0 0 0 0 0 0 0 0 0 0 0 0 0 0 0 0 0 0 0 0 0 0 0 0 0 0 0 0 0 0 0 0 0 0 0 0 0 0 0 0 0 0 0 0 0 0 0 0 0 0 0 0 0 0 0
MR waspala 84 0 0 0 0 0 0 0 0 0 0 0 0 104 113 122 136 144 143 164 176 189 201 222 218 218 219 219 200 187 173 159 157 173 183 155 140 129 120 112 104 0 0 0 0 0 0 0 0 0 0 0 0 0 0 0 0 0 0 0 0 0 0 0 0 0 0 0 0 0 0 0 0 0 0 0 0 0 0 0 0 0 0 0 0 0 0 0 0 0 0 0 0 0 0 0 0 0 0 0 0 0 0 0 0 0 0 0 0 0 0 0 0 0 0 0 0 0 0 0 0 0 0 0 0 0 0 0 0 0 0 0 0
MR waspala 85 0 0 0 0 0 0 0 0 0 0 0 0 107 112 122 134 132 129 161 173 186 198 217 236 236 236 236 207 192 178 171 181 187 183 158 142 132 123 114 106 0 0 0 0 0 0 0 0 0 0 0 0 0 0 0 0 0 0 0 0 0 0 0 0 0 0 0 0 0 0 0 0 0 0 0 0 0 0 0 0 0 0 0 0 0 0 0 0 0 0 0 0 0 0 0 0 0 0 0 0 0 0 0 0 0 0 0 0 0 0 0 0 0 0 0 0 0 0 0 0 0 0 0 0 0 0 0 0 0 0 0 0
MR waspala 86 0 0 0 0 0 0 0 0 0 0 0 0 105 110 122 122 119 116 158 171 183 195 206 233 242 236 236 220 197 183 185 190 183 183 161 144 135 126 117 108 104 0 0 0 0 0 0 0 0 0 0 0 0 0 0 0 0 0 0 0 0 0 0 0 0 0 0 0 0 0 0 0 0 0 0 0 0 0 0 0 0 0 0 0 0 0 0 0 0 0 0 0 0 0 0 0 0 0 0 0 0 0 0 0 0 0 0 0 0 0 0 0 0 0 0 0 0 0 0 0 0 0 0 0 0 0 0 0 0 0 0 0
MR waspala 87 0 0 0 0 0 0 0 0 0 0 0 0 104 108 112 109 106 105 157 168 181 192 201 225 239 247 236 233 202 188 189 197 183 183 164 146 137 129 120 111 104 0 0 0 0 0 0 0 0 0 0 0 0 0 0 0 0 0 0 0 0 0 0 0 0 0 0 0 0 0 0 0 0 0 0 0 0 0 0 0 0 0 0 0 0 0 0 0 0 0 0 0 0 0 0 0 0 0 0 0 0 0 0 0 0 0 0 0 0 0 0 0 0 0 0 0 0 0 0 0 0 0 0 0 0 0 0 0 0 0 0 0
MR waspala 88 0 0 0 0 0 0 0 0 0 0 0 0 0 108 105 104 0 0 159 165 178 188 198 216 236 241 239 236 212 193 188 183 183 170 153 145 138 131 123 114 105 0 0 0 0 0 0 0 0 0 0 0 0 0 0 0 0 0 0 0 0 0 0 0 0 0 0 0 0 0 0 0 0 0 0 0 0 0 0 0 0 0 0 0 0 0 0 0 0 0 0 0 0 0 0 0 0 0 0 0 0 0 0 0 0 0 0 0 0 0 0 0 0 0 0 0 0 0 0 0 0 0 0 0 0 0 0 0 0 0 0 0
MR waspala 89 0 0 0 0 0 0 0 0 0 0 0 0 0 0 0 0 0 0 156 162 175 185 195 207 225 222 218 215 211 199 187 175 158 146 140 133 126 120 113 106 106 0 0 0 0 0 0 0 0 0 0 0 0 0 0 0 0 0 0 0 0 0 0 0 0 0 0 0 0 0 0 0 0 0 0 0 0 0 0 0 0 0 0 0 0 0 0 0 0 0 0 0 0 0 0 0 0 0 0 0 0 0 0 0 0 0 0 0 0 0 0 0 0 0 0 0 0 0 0 0 0 0 0 0 0 0 0 0 0 0 0 0
MR waspala 90 0 0 0 0 0 0 0 0 0 0 0 0 0 0 0 0 0 0 0 160 172 182 192 201 201 200 198 197 195 194 189 175 160 134 127 120 113 106 106 0 0 0 0 0 0 0 0 0 0 0 0 0 0 0 0 0 0 0 0 0 0 0 0 0 0 0 0 0 0 0 0 0 0 0 0 0 0 0 0 0 0 0 0 0 0 0 0 0 0 0 0 0 0 0 0 0 0 0 0 0 0 0 0 0 0 0 0 0 0 0 0 0 0 0 0 0 0 0 0 0 0 0 0 0 0 0 0 0 0 0 0 0
MR waspala 91 0 0 0 0 0 0 0 0 0 0 0 0 0 0 0 0 0 0 0 157 169 179 189 191 189 188 186 185 184 182 181 179 165 121 114 107 106 0 0 0 0 0 0 0 0 0 0 0 0 0 0 0 0 0 0 0 0 0 0 0 0 0 0 0 0 0 0 0 0 0 0 0 0 0 0 0 0 0 0 0 0 0 0 0 0 0 0 0 0 0 0 0 0 0 0 0 0 0 0 0 0 0 0 0 0 0 0 0 0 0 0 0 0 0 0 0 0 0 0 0 0 0 0 0 0 0 0 0 0 0 0 0
MR waspala 92 0 0 0 0 0 0 0 0 0 0 0 0 0 0 0 0 0 0 0 160 166 176 181 179 178 176 175 173 172 170 169 168 166 156 107 0 0 0 0 0 0 0 0 0 0 0 0 0 0 0 0 0 0 0 0 0 0 0 0 0 0 0 0 0 0 0 0 0 0 0 0 0 0 0 0 0 0 0 0 0 0 0 0 0 0 0 0 0 0 0 0 0 0 0 0 0 0 0 0 0 0 0 0 0 0 0 0 0 0 0 0 0 0 0 0 0 0 0 0 0 0 0 0 0 0 0 0 0 0 0 0 0
MR waspala 93 0 0 0 0 0 0 0 0 0 0 0 0 0 0 0 0 0 0 0 158 163 170 169 168 166 165 163 162 160 159 157 156 104 159 0 0 0 0 0 0 0 0 0 0 0 0 0 0 0 0 0 0 0 0 0 0 0 0 0 0 0 0 0 0 0 0 0 0 0 0 0 0 0 0 0 0 0 0 0 0 0 0 0 0 0 0 0 0 0 0 0 0 0 0 0 0 0 0 0 0 0 0 0 0 0 0 0 0 0 0 0 0 0 0 0 0 0 0 0 0 0 0 0 0 0 0 0 0 0 0 0 0
MR waspala 94 0 0 0 0 0 0 0 0 0 0 0 0 0 0 0 0 0 0 0 156 160 159 157 156 160 159 105 117 115 108 104 104 0 0 0 0 0 0 0 0 0 0 0 0 0 0 0 0 0 0 0 0 0 0 0 0 0 0 0 0 0 0 0 0 0 0 0 0 0 0 0 0 0 0 0 0 0 0 0 0 0 0 0 0 0 0 0 0 0 0 0 0 0 0 0 0 0 0 0 0 0 0 0 0 0 0 0 0 0 0 0 0 0 0 0 0 0 0 0 0 0 0 0 0 0 0 0 0 0 0 0 0
MR waspala 95 0 0 0 0 0 0 0 0 0 0 0 0 0 0 0 0 0 0 0 0 0 0 0 0 0 0 104 108 105 104 0 0 0 0 0 0 0 0 0 0 0 0 0 0 0 0 0 0 0 0 0 0 0 0 0 0 0 0 0 0 0 0 0 0 0 0 0 0 0 0 0 0 0 0 0 0 0 0 0 0 0 0 0 0 0 0 0 0 0 0 0 0 0 0 0 0 0 0 0 0 0 0 0 0 0 0 0 0 0 0 0 0 0 0 0 0 0 0 0 0 0 0 0 0 0 0 0 0 0 0 0 0
MR waspala 96 0 0 0 0 0 0 0 0 0 0 0 0 0 0 0 0 0 0 0 0 0 0 0 0 0 0 106 105 0 0 0 0 0 0 0 0 0 0 0 0 0 0 0 0 0 0 0 0 0 0 0 0 0 0 0 0 0 0 0 0 0 0 0 0 0 0 0 0 0 0 0 0 0 0 0 0 0 0 0 0 0 0 0 0 0 0 0 0 0 0 0 0 0 0 0 0 0 0 0 0 0 0 0 0 0 0 0 0 0 0 0 0 0 0 0 0 0 0 0 0 0 0 0 0 0 0 0 0 0 0 0 0
MR waspala 97 0 0 0 0 0 0 0 0 0 0 0 0 0 0 0 0 0 0 0 0 0 0 0 0 0 0 0 0 0 0 0 0 0 0 0 0 0 0 0 0 0 0 0 0 0 0 0 0 0 0 0 0 0 0 0 0 0 0 0 0 0 0 0 0 0 0 0 0 0 0 0 0 0 0 0 0 0 0 0 0 0 0 0 0 0 0 0 0 0 0 0 0 0 0 0 0 0 0 0 0 0 0 0 0 0 0 0 0 0 0 0 0 0 0 0 0 0 0 0 0 0 0 0 0 0 0 0 0 0 0 0 0
MR waspala 98 0 0 0 0 0 0 0 0 0 0 0 0 0 0 0 0 0 0 0 0 0 0 0 0 0 0 0 0 0 0 0 0 0 0 0 0 0 0 0 0 0 0 0 0 0 0 0 0 0 0 0 0 0 0 0 0 0 0 0 0 0 0 0 0 0 0 0 0 0 0 0 0 0 0 0 0 0 0 0 0 0 0 0 0 0 0 0 0 0 0 0 0 0 0 0 0 0 0 0 0 0 0 0 0 0 0 0 0 0 0 0 0 0 0 0 0 0 0 0 0 0 0 0 0 0 0 0 0 0 0 0 0
MR waspala 99 0 0 0 0 0 0 0 0 0 0 0 0 0 0 0 0 0 0 0 0 0 0 0 0 0 0 0 0 0 0 0 0 0 0 0 0 0 0 0 0 0 0 0 0 0 0 0 0 0 0 0 0 0 0 0 0 0 0 0 0 0 0 0 0 0 0 0 0 0 0 0 0 0 0 0 0 0 0 0 0 0 0 0 0 0 0 0 0 0 0 0 0 0 0 0 0 0 0 0 0 0 0 0 0 0 0 0 0 0 0 0 0 0 0 0 0 0 0 0 0 0 0 0 0 0 0 0 0 0 0 0 0
MR waspala 100 0 0 0 0 0 0 0 0 0 0 0 0 0 0 0 0 0 0 0 0 0 0 0 0 0 0 0 0 0 0 0 0 0 98 99 98 0 0 0 0 0 0 0 0 0 0 0 0 0 0 0 0 0 0 0 0 0 0 0 0 0 0 0 0 0 0 0 0 0 0 0 0 0 0 0 0 0 0 0 0 0 0 0 0 0 0 0 0 0 0 0 0 0 0 0 0 0 0 0 0 0 0 0 0 0 0 0 0 0 0 0 0 0 0 0 0 0 0 0 0 0 0 0 0 0 0 0 0 0 0 0 0
MR waspala 101 0 0 0 0 0 0 0 0 0 0 0 0 0 0 0 0 0 0 0 0 0 0 0 0 0 0 0 0 0 0 0 99 98 102 105 102 100 0 0 0 0 0 0 0 0 0 0 0 0 0 0 0 0 0 0 0 0 0 0 0 0 0 0 0 0 0 0 0 0 0 0 0 0 0 0 0 0 0 0 0 0 0 0 0 0 0 0 0 0 0 0 0 0 0 0 0 0 0 0 0 0 0 0 0 0 0 0 0 0 0 0 0 0 0 0 0 0 0 0 0 0 0 0 0 0 0 0 0 0 0 0 0
MR waspala 102 0 0 0 0 0 0 0 0 0 0 0 0 0 0 0 0 0 0 0 0 0 0 0 0 0 0 0 0 98 100 99 103 106 110 114 110 97 0 0 0 0 0 0 0 0 0 0 0 0 0 0 0 0 0 0 0 0 0 0 0 0 0 0 0 0 0 0 0 0 0 0 0 0 0 0 0 0 0 0 0 0 0 0 0 0 0 0 0 0 0 0 0 0 0 0 0 0 0 0 0 0 0 0 0 0 0 0 0 0 0 0 0 0 0 0 0 0 0 0 0 0 0 0 0 0 0 0 0 0 0 0 0
MR waspala 103 0 0 0 0 0 0 0 0 0 0 0 0 0 0 0 0 0 0 0 0 0 0 0 0 0 0 99 99 100 104 108 111 115 118 122 119 106 97 0 0 0 0 0 0 0 0 0 0 0 0 0 0 0 0 0 0 0 0 0 0 0 0 0 0 0 0 0 0 0 0 0 0 0 0 0 0 0 0 0 0 0 0 0 0 0 0 0 0 0 0 0 0 0 0 0 0 0 0 0 0 0 0 0 0 0 0 0 0 0 0 0 0 0 0 0 0 0 0 0 0 0 0 0 0 0 0 0 0 0 0 0 0
MR waspala 104 0 0 0 0 0 0 0 0 0 0 0 0 0 0 0 0 0 0 0 0 0 0 0 0 99 100 102 105 109 112 116 120 123 127 130 127 115 102 99 0 0 0 0 0 0 0 0 0 0 0 0 0 0 0 0 0 0 0 0 0 0 0 0 0 0 0 0 0 0 0 0 0 0 0 0 0 0 0 0 0 0 0 0 0 0 0 0 0 0 0 0 0 0 0 0 0 0 0 0 0 0 0 0 0 0 0 0 0 0 0 0 0 0 0 0 0 0 0 0 0 0 0 0 0 0 0 0 0 0 0 0 0
MR waspala 105 0 0 0 0 0 0 0 0 0 0 0 0 0 0 0 0 0 0 0 0 0 0 0 0 99 107 111 114 118 121 124 128 131 135 139 135 123 111 97 0 0 0 0 0 0 0 0 0 0 0 0 0 0 0 0 0 0 0 0 0 0 0 0 0 0 0 0 0 0 0 0 0 0 0 0 0 0 0 0 0 0 0 0 0 0 0 0 0 0 0 0 0 0 0 0 0 0 0 0 0 0 0 0 0 0 0 0 0 0 0 0 0 0 0 0 0 0 0 0 0 0 0 0 0 0 0 0 0 0 0 0 0
MR waspala 106 0 0 0 0 0 0 0 0 0 0 0 0 0 0 0 0 0 0 0 0 0 0 0 0 99 102 113 124 130 134 137 140 144 148 153 143 132 119 106 97 0 0 0 0 0 0 0 0 0 0 0 0 0 0 0 0 0 0 0 0 0 0 0 0 0 0 0 0 0 0 0 0 0 0 0 0 0 0 0 0 0 0 0 0 0 0 0 0 0 0 0 0 0 0 0 0 0 0 0 0 0 0 0 0 0 0 0 0 0 0 0 0 0 0 0 0 0 0 0 0 0 0 0 0 0 0 0 0 0 0 0 0
MR waspala 107 0 0 0 0 0 0 0 0 0 0 0 0 0 0 0 0 0 0 0 0 0 0 0 0 0 99 107 118 130 141 154 159 163 168 173 163 140 128 115 101 99 0 0 0 0 0 0 0 0 0 0 0 0 0 0 0 0 0 0 0 0 0 0 0 0 0 0 0 0 0 0 0 0 0 0 0 0 0 0 0 0 0 0 0 0 0 0 0 0 0 0 0 0 0 0 0 0 0 0 0 0 0 0 0 0 0 0 0 0 0 0 0 0 0 0 0 0 0 0 0 0 0 0 0 0 0 0 0 0 0 0 0
MR waspala 108 0 0 0 0 0 0 0 0 0 0 0 0 0 0 0 0 0 0 0 0 0 0 0 0 0 99 102 113 124 135 144 169 177 177 177 177 155 136 124 110 97 0 0 0 0 0 0 0 0 0 0 0 0 0 0 0 0 0 0 0 0 0 0 0 0 0 0 0 0 0 0 0 0 0 0 0 0 0 0 0 0 0 0 0 0 0 0 0 0 0 0 0 0 0 0 0 0 0 0 0 0 0 0 0 0 0 0 0 0 0 0 0 0 0 0 0 0 0 0 0 0 0 0 0 0 0 0 0 0 0 0 0
MR waspala 109 0 0 0 0 0 0 0 0 0 0 0 0 0 0 0 0 0 0 0 0 0 0 0 0 0 0 99 107 118 129 139 152 174 182 188 177 176 146 132 119 106 97 0 0 0 0 0 0 0 0 0 0 0 0 0 0 0 0 0 0 0 0 0 0 0 0 0 0 0 0 0 0 0 0 0 0 0 0 0 0 0 0 0 0 0 0 0 0 0 0 0 0 0 0 0 0 0 0 0 0 0 0 0 0 0 0 0 0 0 0 0 0 0 0 0 0 0 0 0 0 0 0 0 0 0 0 0 0 0 0 0 0
MR waspala 110 0 0 0 0 0 0 0 0 0 0 0 0 0 0 0 0 0 0 0 0 0 0 0 0 0 0 99 101 112 124 134 142 161 177 184 182 178 169 141 128 115 101 99 0 0 0 0 0 0 0 0 0 0 0 0 0 0 0 0 0 0 0 0 0 0 0 0 0 0 0 0 0 0 0 0 0 0 0 0 0 0 0 0 0 0 0 0 0 0 0 0 0 0 0 0 0 0 0 0 0 0 0 0 0 0 0 0 0 0 0 0 0 0 0 0 0 0 0 0 0 0 0 0 0 0 0 0 0 0 0 0 0
MR waspala 111 0 0 0 0 0 0 0 0 0 0 0 0 0 0 0 0 0 0 0 0 0 0 0 0 0 0 0 98 107 118 128 136 145 165 176 165 155 144 140 135 123 110 97 0 0 0 0 0 0 0 0 0 0 0 0 0 0 0 0 0 0 0 0 0 0 0 0 0 0 0 0 0 0 0 0 0 0 0 0 0 0 0 0 0 0 0 0 0 0 0 0 0 0 0 0 0 0 0 0 0 0 0 0 0 0 0 0 0 0 0 0 0 0 0 0 0 0 0 0 0 0 0 0 0 0 0 0 0 0 0 0 0
MR waspala 112 0 0 0 0 0 0 0 0 0 0 0 0 0 0 0 0 0 0 0 0 0 0 0 0 0 0 0 98 101 112 123 131 139 152 150 142 138 133 129 124 120 115 105 97 0 0 0 0 0 0 0 0 0 0 0 0 0 0 0 0 0 0 0 0 0 0 0 0 0 0 0 0 0 0 0 0 0 0 0 0 0 0 0 0 0 0 0 0 0 0 0 0 0 0 0 0 0 0 0 0 0 0 0 0 0 0 0 0 0 0 0 0 0 0 0 0 0 0 0 0 0 0 0 0 0 0 0 0 0 0 0 0
MR waspala 113 0 0 0 0 0 0 0 0 0 0 0 0 0 0 0 0 0 0 0 0 0 0 0 0 0 0 0 0 98 107 118 126 134 140 136 131 127 122 118 113 109 104 100 97 0 0 0 0 0 0 0 0 0 0 0 0 0 0 0 0 0 0 0 0 0 0 0 0 0 0 0 0 0 0 0 0 0 0 0 0 0 0 0 0 0 0 0 0 0 0 0 0 0 0 0 0 0 0 0 0 0 0 0 0 0 0 0 0 0 0 0 0 0 0 0 0 0 0 0 0 0 0 0 0 0 0 0 0 0 0 0 0
MR waspala 114 0 0 0 0 0 0 0 0 0 0 0 0 0 0 0 0 0 0 0 0 0 0 0 0 0 0 0 0 98 101 112 121 129 129 124 120 115 111 106 102 97 99 96 0 0 0 0 0 0 0 0 0 0 0 0 0 0 0 0 0 0 0 0 0 0 0 0 0 0 0 0 0 0 0 0 0 0 0 0 0 0 0 0 0 0 0 0 0 0 0 0 0 0 0 0 0 0 0 0 0 0 0 0 0 0 0 0 0 0 0 0 0 0 0 0 0 0 0 0 0 0 0 0 0 0 0 0 0 0 0 0 0
MR waspala 115 0 0 0 0 0 0 0 0 0 0 0 0 0 0 0 0 0 0 0 0 0 0 0 0 0 0 0 0 0 98 106 115 122 118 113 109 104 100 98 96 0 0 0 0 0 0 0 0 0 0 0 0 0 0 0 0 0 0 0 0 0 0 0 0 0 0 0 0 0 0 0 0 0 0 0 0 0 0 0 0 0 0 0 0 0 0 0 0 0 0 0 0 0 0 0 0 0 0 0 0 0 0 0 0 0 0 0 0 0 0 0 0 0 0 0 0 0 0 0 0 0 0 0 0 0 0 0 0 0 0 0 0
MR waspala 116 0 0 0 0 0 0 0 0 0 0 0 0 0 0 0 0 0 0 0 0 0 0 0 0 0 0 0 0 0 98 101 110 111 107 102 98 99 97 0 0 0 0 0 0 0 0 0 0 0 0 0 0 0 0 0 0 0 0 0 0 0 0 0 0 0 0 0 0 0 0 0 0 0 0 0 0 0 0 0 0 0 0 0 0 0 0 0 0 0 0 0 0 0 0 0 0 0 0 0 0 0 0 0 0 0 0 0 0 0 0 0 0 0 0 0 0 0 0 0 0 0 0 0 0 0 0 0 0 0 0 0 0
MR waspala 117 0 0 0 0 0 0 0 0 0 0 0 0 0 0 0 0 0 0 0 0 0 0 0 0 0 0 0 0 0 0 98 105 100 98 97 0 0 0 0 0 0 0 0 0 0 0 0 0 0 0 0 0 0 0 0 0 0 0 0 0 0 0 0 0 0 0 0 0 0 0 0 0 0 0 0 0 0 0 0 0 0 0 0 0 0 0 0 0 0 0 0 0 0 0 0 0 0 0 0 0 0 0 0 0 0 0 0 0 0 0 0 0 0 0 0 0 0 0 0 0 0 0 0 0 0 0 0 0 0 0 0 0
MR waspala 118 0 0 0 0 0 0 0 0 0 0 0 0 0 0 0 0 0 0 0 0 0 0 0 0 0 0 0 0 0 0 98 99 0 0 0 0 0 0 0 0 0 0 0 0 0 0 0 0 0 0 0 0 0 0 0 0 0 0 0 0 0 0 0 0 0 0 0 0 0 0 0 0 0 0 0 0 0 0 0 0 0 0 0 0 0 0 0 0 0 0 0 0 0 0 0 0 0 0 0 0 0 0 0 0 0 0 0 0 0 0 0 0 0 0 0 0 0 0 0 0 0 0 0 0 0 0 0 0 0 0 0 0
MR waspala 119 0 0 0 0 0 0 0 0 0 0 0 0 0 0 0 0 0 0 0 0 0 0 0 0 0 0 0 0 0 0 0 0 0 0 0 0 0 0 0 0 0 0 0 0 0 0 0 0 0 0 0 0 0 0 0 0 0 0 0 0 0 0 0 0 0 0 0 0 0 0 0 0 0 0 0 0 0 0 0 0 0 0 0 0 0 0 0 0 0 0 0 0 0 0 0 0 0 0 0 0 0 0 0 0 0 0 0 0 0 0 0 0 0 0 0 0 0 0 0 0 0 0 0 0 0 0 0 0 0 0 0 0
MR waspala 120 0 0 0 0 0 0 0 0 0 0 0 0 0 0 0 0 0 0 0 0 0 0 0 0 0 0 0 0 0 0 0 0 0 0 0 0 0 0 0 0 0 0 0 0 0 0 0 0 0 0 0 0 0 0 0 0 0 0 0 0 0 0 0 0 0 0 0 0 0 0 0 0 0 0 0 0 0 0 0 0 0 0 0 0 0 0 0 0 0 0 0 0 0 0 0 0 0 0 0 0 0 0 0 0 0 0 0 0 0 0 0 0 0 0 0 0 0 0 0 0 0 0 0 0 0 0 0 0 0 0 0 0
MR waspala 121 0 0 0 0 0 0 0 0 0 0 0 0 0 0 0 0 0 0 0 0 0 0 0 0 0 0 0 0 0 0 0 0 0 0 0 0 0 0 0 0 0 0 0 0 0 0 0 0 0 0 0 0 0 0 0 0 0 0 0 0 0 0 0 0 0 0 0 0 0 0 0 0 0 0 0 0 0 0 0 0 0 0 0 0 0 0 0 0 0 0 0 0 0 0 0 0 0 0 0 0 0 0 0 0 0 0 0 0 0 0 0 0 0 0 0 0 0 0 0 0 0 0 0 0 0 0 0 0 0 0 0 0
MR waspala 122 0 0 0 0 0 0 0 0 0 0 0 0 0 0 0 0 0 0 0 0 0 0 0 0 0 0 0 0 0 0 0 0 0 0 0 0 0 0 0 0 0 0 0 0 0 0 0 0 0 0 0 0 0 0 0 0 0 0 0 0 0 0 0 0 0 0 0 0 0 0 0 0 0 0 0 0 0 0 0 0 0 0 0 0 0 0 0 0 0 0 0 0 0 0 0 0 0 0 0 0 0 0 0 0 0 0 0 0 0 0 0 0 0 0 0 0 0 0 0 0 0 0 0 0 0 0 0 0 0 0 0 0
MR waspala 123 0 0 0 0 0 0 0 0 0 0 0 0 0 0 0 0 0 0 0 0 0 0 0 0 0 0 0 0 0 0 0 0 0 0 0 0 0 0 0 0 0 0 0 0 0 0 0 0 0 0 0 0 0 0 0 0 0 0 0 0 0 0 0 0 0 0 0 0 0 0 0 0 0 0 0 0 0 0 0 0 0 0 0 0 0 0 0 0 0 0 0 0 0 0 0 0 0 0 0 0 0 0 0 0 0 0 0 0 0 0 0 0 0 0 0 0 0 0 0 0 0 0 0 0 0 0 0 0 0 0 0 0
MR waspala 124 0 0 0 0 0 0 0 0 0 0 0 0 0 0 0 0 0 0 0 0 0 0 0 0 0 0 0 0 0 0 0 0 0 0 0 0 0 0 0 0 0 0 0 0 0 0 0 0 0 0 0 0 0 0 0 0 0 0 0 0 0 0 0 0 0 0 0 0 0 0 0 0 0 0 0 0 0 0 0 0 0 0 0 0 0 0 0 0 0 0 0 0 0 0 0 0 0 0 0 0 0 0 0 0 0 0 0 0 0 0 0 0 0 0 0 0 0 0 0 0 0 0 0 0 0 0 0 0 0 0 0 0
MR waspala 125 0 0 0 0 0 0 0 0 0 0 0 0 0 0 0 0 0 0 0 0 0 0 0 0 0 0 0 0 0 0 0 0 0 0 0 0 0 0 0 0 0 0 0 0 0 0 0 0 0 0 0 0 0 0 0 0 0 0 0 0 0 0 0 0 0 0 0 0 0 0 0 0 0 0 0 0 0 0 0 0 0 0 0 0 0 0 0 0 0 0 0 0 0 0 0 0 0 0 0 0 0 0 0 0 0 0 0 0 0 0 0 0 0 0 0 0 0 0 0 0 0 0 0 0 0 0 0 0 0 0 0 0
MR waspala 126 0 0 0 0 0 0 0 0 0 0 0 0 0 0 0 0 0 0 0 0 0 0 0 0 0 0 0 0 0 0 0 0 0 0 0 0 0 0 0 0 0 0 0 0 0 0 0 0 0 0 0 0 0 0 0 0 0 0 0 0 0 0 0 0 0 0 0 0 0 0 0 0 0 0 0 0 0 0 0 0 0 0 0 0 0 0 0 0 0 0 0 0 0 0 0 0 0 0 0 0 0 0 0 0 0 0 0 0 0 0 0 0 0 0 0 0 0 0 0 0 0 0 0 0 0 0 0 0 0 0 0 0
MR waspala 127 0 0 0 0 0 0 0 0 0 0 0 0 0 0 0 0 0 0 0 0 0 0 0 0 0 0 0 0 0 0 0 0 0 0 0 0 0 0 0 0 0 0 0 0 0 0 0 0 0 0 0 0 0 0 0 0 0 0 0 0 0 0 0 0 0 0 0 0 0 0 0 0 0 0 0 0 0 0 0 0 0 0 0 0 0 0 0 0 0 0 0 0 0 0 0 0 0 0 0 0 0 0 0 0 0 0 0 0 0 0 0 0 0 0 0 0 0 0 0 0 0 0 0 0 0 0 0 0 0 0 0 0
MR waspala 128 0 0 0 0 0 0 0 0 0 0 0 0 0 0 0 0 0 0 0 0 0 0 0 0 0 0 0 0 0 0 0 0 0 0 0 0 0 0 0 0 0 0 0 0 0 0 0 0 0 0 0 0 0 0 0 0 0 0 0 0 0 0 0 0 0 0 0 0 0 0 0 0 0 0 0 0 0 0 0 0 0 0 0 0 0 0 0 0 0 0 0 0 0 0 0 0 0 0 0 0 0 0 0 0 0 0 0 0 0 0 0 0 0 0 0 0 0 0 0 0 0 0 0 0 0 0 0 0 0 0 0 0
MR waspala 129 0 0 0 0 0 0 0 0 0 0 0 0 0 0 0 0 0 0 0 0 0 0 0 0 0 0 0 0 0 0 0 0 0 0 0 0 0 0 0 0 0 0 0 0 0 0 0 0 0 0 0 0 0 0 0 0 0 0 0 0 0 0 0 0 0 0 0 0 0 0 0 0 0 0 0 0 0 0 0 0 0 0 0 0 0 0 0 0 0 0 0 0 0 0 0 0 0 0 0 0 0 0 0 0 0 0 0 0 0 0 0 0 0 0 0 0 0 0 0 0 0 0 0 0 0 0 0 0 0 0 0 0
MR waspala 130 0 0 0 0 0 0 0 0 0 0 0 0 0 0 0 0 0 0 0 0 0 0 0 0 0 0 0 0 0 0 0 0 0 0 0 0 0 0 0 0 0 0 0 0 0 0 0 0 0 0 0 0 0 0 0 0 0 0 0 0 0 0 0 0 0 0 0 0 0 0 0 0 0 0 0 0 0 0 0 0 0 0 0 0 0 0 0 0 0 0 0 0 0 0 0 0 0 0 0 0 0 0 0 0 0 0 0 0 0 0 0 0 0 0 0 0 0 0 0 0 0 0 0 0 0 0 0 0 0 0 0 0
MR waspala 131 0 0 0 0 0 0 0 0 0 0 0 0 0 0 0 0 0 0 0 0 0 0 0 0 0 0 0 0 0 0 0 0 0 0 0 0 0 0 0 0 0 0 0 0 0 0 0 0 0 0 0 0 0 0 0 0 0 0 0 0 0 0 0 0 0 0 0 0 0 0 0 0 0 0 0 0 0 0 0 0 0 0 0 0 0 0 0 0 0 0 0 0 0 0 0 0 0 0 0 0 0 0 0 0 0 0 0 0 0 0 0 0 0 0 0 0 0 0 0 0 0 0 0 0 0 0 0 0 0 0 0 0
MR waspala 132 0 0 0 0 0 0 0 0 0 0 0 0 0 0 0 0 0 0 0 0 0 0 0 0 0 0 0 0 0 0 0 0 0 0 0 0 0 0 0 0 0 0 0 0 0 0 0 0 0 0 0 0 0 0 0 0 0 0 0 0 0 0 0 0 0 0 0 0 0 0 0 0 0 0 0 0 0 0 0 0 0 0 0 0 0 0 0 0 0 0 0 0 0 0 0 0 0 0 0 0 0 0 0 0 0 0 0 0 0 0 0 0 0 0 0 0 0 0 0 0 0 0 0 0 0 0 0 0 0 0 0 0
MR waspala 133 0 0 0 0 0 0 0 0 0 0 0 0 0 0 0 0 0 0 0 0 0 0 0 0 0 0 0 0 0 0 0 0 0 0 0 0 0 0 0 0 0 0 0 0 0 0 0 0 0 0 0 0 0 0 0 0 0 0 0 0 0 0 0 0 0 0 0 0 0 0 0 0 0 0 0 0 0 0 0 0 0 0 0 0 0 0 0 0 0 0 0 0 0 0 0 0 0 0 0 0 0 0 0 0 0 0 0 0 0 0 0 0 0 0 0 0 0 0 0 0 0 0 0 0 0 0 0 0 0 0 0 0
MR waspala 134 0 0 0 0 0 0 0 0 0 0 0 0 0 0 0 0 0 0 0 0 0 0 0 0 0 0 0 0 0 0 0 0 0 0 0 0 0 0 0 0 0 0 0 0 0 0 0 0 0 0 0 0 0 0 0 0 0 0 0 0 0 0 0 0 0 0 0 0 0 0 0 0 0 0 0 0 0 0 0 0 0 0 0 0 0 0 0 0 0 0 0 0 0 0 0 0 0 0 0 0 0 0 0 0 0 0 0 0 0 0 0 0 0 0 0 0 0 0 0 0 0 0 0 0 0 0 0 0 0 0 0 0
MR waspala 135 0 0 0 0 0 0 0 0 0 0 0 0 0 0 0 0 0 0 0 0 0 0 0 0 0 0 0 0 0 0 0 0 0 0 0 0 0 0 0 0 0 0 0 0 0 0 0 0 0 0 0 0 0 0 0 0 0 0 0 0 0 0 0 0 0 0 0 0 0 0 0 0 0 0 0 0 0 0 0 0 0 0 0 0 0 0 0 0 0 0 0 0 0 0 0 0 0 0 0 0 0 0 0 0 0 0 0 0 0 0 0 0 0 0 0 0 0 0 0 0 0 0 0 0 0 0 0 0 0 0 0 0
MR waspala 136 0 0 0 0 0 0 0 0 0 0 0 0 0 0 0 0 0 0 0 0 0 0 0 0 0 0 0 0 0 0 0 0 0 0 0 0 0 0 0 0 0 0 0 0 0 0 0 0 0 0 0 0 0 0 0 0 0 0 0 0 0 0 0 0 0 0 0 0 0 0 0 0 0 0 0 0 0 0 0 0 0 0 0 0 0 0 0 0 0 0 0 0 0 0 0 0 0 0 0 0 0 0 0 0 0 0 0 0 0 0 0 0 0 0 0 0 0 0 0 0 0 0 0 0 0 0 0 0 0 0 0 0
MR waspala 137 0 0 0 0 0 0 0 0 0 0 0 0 0 0 0 0 0 0 0 0 0 0 0 0 0 0 0 0 0 0 0 0 0 0 0 0 0 0 0 0 0 0 0 0 0 0 0 0 0 0 0 0 0 0 0 0 0 0 0 0 0 0 0 0 0 0 0 0 0 0 0 0 0 0 0 0 0 0 0 0 0 0 0 0 0 0 0 0 0 0 0 0 0 0 0 0 0 0 0 0 0 0 0 0 0 0 0 0 0 0 0 0 0 0 0 0 0 0 0 0 0 0 0 0 0 0 0 0 0 0 0 0
MR waspala 138 0 0 0 0 0 0 0 0 0 0 0 0 0 0 0 0 0 0 0 0 0 0 0 0 0 0 0 0 0 0 0 0 0 0 0 0 0 0 0 0 0 0 0 0 0 0 0 0 0 0 0 0 0 0 0 0 0 0 0 0 0 0 0 0 0 0 0 0 0 0 0 0 0 0 0 0 0 0 0 0 0 0 0 0 0 0 0 0 0 0 0 0 0 0 0 0 0 0 0 0 0 0 0 0 0 0 0 0 0 0 0 0 0 0 0 0 0 0 0 0 0 0 0 0 0 0 0 0 0 0 0 0
MR waspala 139 0 0 0 0 0 0 0 0 0 0 0 0 0 0 0 0 0 0 0 0 0 0 0 0 0 0 0 0 0 0 0 0 0 0 0 0 0 0 0 0 0 0 0 0 0 0 0 0 0 0 0 0 0 0 0 0 0 0 0 0 0 0 0 0 0 0 0 0 0 0 0 0 0 0 0 0 0 0 0 0 0 0 0 0 0 0 0 0 0 0 0 0 0 0 0 0 0 0 0 0 0 0 0 0 0 0 0 0 0 0 0 0 0 0 0 0 0 0 0 0 0 0 0 0 0 0 0 0 0 0 0 0
MR waspala 140 0 0 0 0 0 0 0 0 0 0 0 0 0 0 0 0 0 0 0 0 0 0 0 0 0 0 0 0 0 0 0 0 0 0 0 0 0 0 0 0 0 0 0 0 0 0 0 0 0 0 0 0 0 0 0 0 0 0 0 0 0 0 0 0 0 0 0 0 0 0 0 0 0 0 0 0 0 0 0 0 0 0 0 0 0 0 0 0 0 0 0 0 0 0 0 0 0 0 0 0 0 0 0 0 0 0 0 0 0 0 0 0 0 0 0 0 0 0 0 0 0 0 0 0 0 0 0 0 0 0 0 0
MR waspala 141 0 0 0 0 0 0 0 0 0 0 0 0 0 0 0 0 0 0 0 0 0 0 0 0 0 0 0 0 0 0 0 0 0 0 0 0 0 0 0 0 0 0 0 0 0 0 0 0 0 0 0 0 0 0 0 0 0 0 0 0 0 0 0 0 0 0 0 0 0 0 0 0 0 0 0 0 0 0 0 0 0 0 0 0 0 0 0 0 0 0 0 0 0 0 0 0 0 0 0 0 0 0 0 0 0 0 0 0 0 0 0 0 0 0 0 0 0 0 0 0 0 0 0 0 0 0 0 0 0 0 0 0
MR waspala 142 0 0 0 0 0 0 0 0 0 0 0 0 0 0 0 0 0 0 0 0 0 0 0 0 0 0 0 0 0 0 0 0 0 0 0 0 0 0 0 0 0 0 0 0 0 0 0 0 0 0 0 0 0 0 0 0 0 0 0 0 0 0 0 0 0 0 0 0 0 0 0 0 0 0 0 0 0 0 0 0 0 0 0 0 0 0 0 0 0 0 0 0 0 0 0 0 0 0 0 0 0 0 0 0 0 0 0 0 0 0 0 0 0 0 0 0 0 0 0 0 0 0 0 0 0 0 0 0 0 0 0 0
MR waspala 143 0 0 0 0 0 0 0 0 0 0 0 0 0 0 0 0 0 0 0 0 0 0 0 0 0 0 0 0 0 0 0 0 0 0 0 0 0 0 0 0 0 0 0 0 0 0 0 0 0 0 0 0 0 0 0 0 0 0 0 0 0 0 0 0 0 0 0 0 0 0 0 0 0 0 0 0 0 0 0 0 0 0 0 0 0 0 0 0 0 0 0 0 0 0 0 0 0 0 0 0 0 0 0 0 0 0 0 0 0 0 0 0 0 0 0 0 0 0 0 0 0 0 0 0 0 0 0 0 0 0 0 0
MR waspala 144 0 0 0 0 0 0 0 0 0 0 0 0 0 0 0 0 0 0 0 0 0 0 0 0 0 0 0 0 0 0 0 0 0 0 0 0 0 0 0 0 0 0 0 0 0 0 0 0 0 0 0 0 0 0 0 0 0 0 0 0 0 0 0 0 0 0 0 0 0 0 0 0 0 0 0 0 0 0 0 0 0 0 0 0 0 0 0 0 0 0 0 0 0 0 0 0 0 0 0 0 0 0 0 0 0 0 0 0 0 0 0 0 0 0 0 0 0 0 0 0 0 0 0 0 0 0 0 0 0 0 0 0
MR waspala 145 0 0 0 0 0 0 0 0 0 0 0 0 0 0 0 0 0 0 0 0 0 0 0 0 0 0 0 0 0 0 0 0 0 0 0 0 0 0 0 0 0 0 0 0 0 0 0 0 0 0 0 0 0 0 0 0 0 0 0 0 0 0 0 0 0 0 0 0 0 0 0 0 0 0 0 0 0 0 0 0 0 0 0 0 0 0 0 0 0 0 0 0 0 0 0 0 0 0 0 0 0 0 0 0 0 0 0 0 0 0 0 0 0 0 0 0 0 0 0 0 0 0 0 0 0 0 0 0 0 0 0 0
MR waspala 146 0 0 0 0 0 0 0 0 0 0 0 0 0 0 0 0 0 0 0 0 0 0 0 0 0 0 0 0 0 0 0 0 0 0 0 0 0 0 0 0 0 0 0 0 0 0 0 0 0 0 0 0 0 0 0 0 0 0 0 0 0 0 0 0 0 0 0 0 0 0 0 0 0 0 0 0 0 0 0 0 0 0 0 0 0 0 0 0 0 0 0 0 0 0 0 0 0 0 0 0 0 0 0 0 0 0 0 0 0 0 0 0 0 0 0 0 0 0 0 0 0 0 0 0 0 0 0 0 0 0 0 0
MR waspala 147 0 0 0 0 0 0 0 0 0 0 0 0 0 0 0 0 0 0 0 0 0 0 0 0 0 0 0 0 0 0 0 0 0 0 0 0 0 0 0 0 0 0 0 0 0 0 0 0 0 0 0 0 0 0 0 0 0 0 0 0 0 0 0 0 0 0 0 0 0 0 0 0 0 0 0 0 0 0 0 0 0 0 0 0 0 0 0 0 0 0 0 0 0 0 0 0 0 0 0 0 0 0 0 0 0 0 0 0 0 0 0 0 0 0 0 0 0 0 0 0 0 0 0 0 0 0 0 0 0 0 0 0
MR waspala 148 0 0 0 0 0 0 0 0 0 0 0 0 0 0 0 0 0 0 0 0 0 0 0 0 0 0 0 0 0 0 0 0 0 0 0 0 0 0 0 0 0 0 0 0 0 0 0 0 0 0 0 0 0 0 0 0 0 0 0 0 0 0 0 0 0 0 0 0 0 0 0 0 0 0 0 0 0 0 0 0 0 0 0 0 0 0 0 0 0 0 0 0 0 0 0 0 0 0 0 0 0 0 0 0 0 0 0 0 0 0 0 0 0 0 0 0 0 0 0 0 0 0 0 0 0 0 0 0 0 0 0 0
MR waspala 149 0 0 0 0 0 0 0 0 0 0 0 0 0 0 0 0 0 0 0 0 0 0 0 0 0 0 0 0 0 0 0 0 0 0 0 0 0 0 0 0 0 0 0 0 0 0 0 0 0 0 0 0 0 0 0 0 0 0 0 0 0 0 0 0 0 0 0 0 0 0 0 0 0 0 0 0 0 0 0 0 0 0 0 0 0 0 0 0 0 0 0 0 0 0 0 0 0 0 0 0 0 0 0 0 0 0 0 0 0 0 0 0 0 0 0 0 0 0 0 0 0 0 0 0 0 0 0 0 0 0 0 0
MR waspala 150 0 0 0 0 0 0 0 0 0 0 0 0 0 0 0 0 0 0 0 0 0 0 0 0 0 0 0 0 0 0 0 0 0 0 0 0 0 0 0 0 0 0 0 0 0 0 0 0 0 0 0 0 0 0 0 0 0 0 0 0 0 0 0 0 0 0 0 0 0 0 0 0 0 0 0 0 0 0 0 0 0 0 0 0 0 0 0 0 0 0 0 0 0 0 0 0 0 0 0 0 0 0 0 0 0 0 0 0 0 0 0 0 0 0 0 0 0 0 0 0 0 0 0 0 0 0 0 0 0 0 0 0
MR waspala 151 0 0 0 0 0 0 0 0 0 0 0 0 0 0 0 0 0 0 0 0 0 0 0 0 0 0 0 0 0 0 0 0 0 0 0 0 0 0 0 0 0 0 0 0 0 0 0 0 0 0 0 0 0 0 0 0 0 0 0 0 0 0 0 0 0 0 0 0 0 0 0 0 0 0 0 0 0 0 0 0 0 0 0 0 0 0 0 0 0 0 0 0 0 0 0 0 0 0 0 0 0 0 0 0 0 0 0 0 0 0 0 0 0 0 0 0 0 0 0 0 0 0 0 0 0 0 0 0 0 0 0 0
MR waspala 152 0 0 0 0 0 0 0 0 0 0 0 0 0 0 0 0 0 0 0 0 0 0 0 0 0 0 0 0 0 0 0 0 0 0 0 0 0 0 0 0 0 0 0 0 0 0 0 0 0 0 0 0 0 0 0 0 0 0 0 0 0 0 0 0 0 0 0 0 0 0 0 0 0 0 0 0 0 0 0 0 0 0 0 0 0 0 0 0 0 0 0 0 0 0 0 0 0 0 0 0 0 0 0 0 0 0 0 0 0 0 0 0 0 0 0 0 0 0 0 0 0 0 0 0 0 0 0 0 0 0 0 0
MR waspala 153 0 0 0 0 0 0 0 0 0 0 0 0 0 0 0 0 0 0 0 0 0 0 0 0 0 0 0 0 0 0 0 0 0 0 0 0 0 0 0 0 0 0 0 0 0 0 0 0 0 0 0 0 0 0 0 0 0 0 0 0 0 0 0 0 0 0 0 0 0 0 0 0 0 0 0 0 0 0 0 0 0 0 0 0 0 0 0 0 0 0 0 0 0 0 0 0 0 0 0 0 0 0 0 0 0 0 0 0 0 0 0 0 0 0 0 0 0 0 0 0 0 0 0 0 0 0 0 0 0 0 0 0
MR waspala 154 0 0 0 0 0 0 0 0 0 0 0 0 0 0 0 0 0 0 0 0 0 0 0 0 0 0 0 0 0 0 0 0 0 0 0 0 0 0 0 0 0 0 0 0 0 0 0 0 0 0 0 0 0 0 0 0 0 0 0 0 0 0 0 0 0 0 0 0 0 0 0 0 0 0 0 0 0 0 0 0 0 0 0 0 0 0 0 0 0 0 0 0 0 0 0 0 0 0 0 0 0 0 0 0 0 0 0 0 0 0 0 0 0 0 0 0 0 0 0 0 0 0 0 0 0 0 0 0 0 0 0 0
MR waspala 155 0 0 0 0 0 0 0 0 0 0 0 0 0 0 0 0 0 0 0 0 0 0 0 0 0 0 0 0 0 0 0 0 0 0 0 0 0 0 0 0 0 0 0 0 0 0 0 0 0 0 0 0 0 0 0 0 0 0 0 0 0 0 0 0 0 0 0 0 0 0 0 0 0 0 0 0 0 0 0 0 0 0 0 0 0 0 0 0 0 0 0 0 0 0 0 0 0 0 0 0 0 0 0 0 0 0 0 0 0 0 0 0 0 0 0 0 0 0 0 0 0 0 0 0 0 0 0 0 0 0 0 0
MR waspala 156 0 0 0 0 0 0 0 0 0 0 0 0 0 0 0 0 0 0 0 0 0 0 0 0 0 0 0 0 0 0 0 0 0 0 0 0 0 0 0 0 0 0 0 0 0 0 0 0 0 0 0 0 0 0 0 0 0 0 0 0 0 0 0 0 0 0 0 0 0 0 0 0 0 0 0 0 0 0 0 0 0 0 0 0 0 0 0 0 0 0 0 0 0 0 0 0 0 0 0 0 0 0 0 0 0 0 0 0 0 0 0 0 0 0 0 0 0 0 0 0 0 0 0 0 0 0 0 0 0 0 0 0
MR waspala 157 0 0 0 0 0 0 0 0 0 0 0 0 0 0 0 0 0 0 0 0 0 0 0 0 0 0 0 0 0 0 0 0 0 0 0 0 0 0 0 0 0 0 0 0 0 0 0 0 0 0 0 0 0 0 0 0 0 0 0 0 0 0 0 0 0 0 0 0 0 0 0 0 0 0 0 0 0 0 98 102 0 0 0 0 0 0 0 0 0 0 0 0 0 0 0 0 0 0 0 0 0 0 0 0 0 0 0 0 0 0 0 0 0 0 0 0 0 0 0 0 0 0 0 0 0 0 0 0 0 0 0 0
MR waspala 158 0 0 0 0 0 0 0 0 0 0 0 0 0 0 0 0 0 0 0 0 0 0 0 0 0 0 0 0 0 0 0 0 0 0 0 0 0 0 0 0 0 0 0 0 0 0 0 0 0 0 0 0 0 0 0 0 0 0 0 0 0 0 0 0 0 0 0 0 0 0 0 0 0 0 0 0 0 0 99 103 108 114 113 0 0 0 0 0 0 0 0 0 0 0 0 0 0 0 0 0 0 0 0 0 0 0 0 0 0 0 0 0 0 0 0 0 0 0 0 0 0 0 0 0 0 0 0 0 0 0 0 0
MR waspala 159 0 0 0 0 0 0 0 0 0 0 0 0 0 0 0 0 0 0 0 0 0 0 0 0 0 0 0 0 0 0 0 0 0 0 0 0 0 0 0 0 0 0 0 0 0 0 0 0 0 0 0 0 0 0 0 0 0 0 0 0 0 0 0 0 0 0 0 0 0 0 0 0 0 0 0 0 0 0 98 106 114 121 119 118 124 0 0 0 0 0 0 0 0 0 98 0 0 0 0 0 0 0 0 0 0 0 0 0 0 0 0 0 0 0 0 0 0 0 0 0 0 0 0 0 0 0 0 0 0 0 0 0
MR waspala 160 0 0 0 0 0 0 0 0 0 0 0 0 0 0 0 0 0 0 0 0 0 0 0 0 0 0 0 0 0 0 0 0 0 0 0 0 0 0 0 0 0 0 0 0 0 0 0 0 0 0 0 0 0 0 0 0 0 0 0 0 0 0 0 0 0 0 0 0 0 0 0 0 0 0 0 0 0 0 100 108 117 125 133 132 131 130 129 134 0 0 0 0 118 106 96 0 0 0 0 0 0 0 0 0 0 0 0 0 0 0 0 0 0 0 0 0 0 0 0 0 0 0 0 0 0 0 0 0 0 0 0 0
MR waspala 161 0 0 0 0 0 0 0 0 0 0 0 0 0 0 0 0 0 0 0 0 0 0 0 0 0 0 0 0 0 0 0 0 0 0 0 0 0 0 0 0 0 0 0 0 0 0 0 0 0 0 0 0 0 0 0 0 0 0 0 0 0 0 0 0 0 0 0 0 0 0 0 0 0 0 0 0 0 99 102 111 119 128 136 145 145 143 142 141 140 148 137 125 114 102 96 0 0 0 0 0 0 0 0 0 0 0 0 0 0 0 0 0 0 0 0 0 0 0 0 0 0 0 0 0 0 0 0 0 0 0 0 0
MR waspala 162 0 0 0 0 0 0 0 0 0 0 0 0 0 0 0 0 0 0 0 0 0 0 0 0 0 0 0 0 0 0 0 0 0 0 0 0 0 0 0 0 0 0 0 0 0 0 0 0 0 0 0 0 0 0 0 0 0 0 0 0 0 0 0 0 0 0 0 0 0 0 0 0 0 0 0 0 0 100 105 113 122 130 139 153 171 176 174 173 170 146 133 122 110 98 0 0 0 0 0 0 0 0 0 0 0 0 0 0 0 0 0 0 0 0 0 0 0 0 0 0 0 0 0 0 0 0 0 0 0 0 0 0
MR waspala 163 0 0 0 0 0 0 0 0 0 0 0 0 0 0 0 0 0 0 0 0 0 0 0 0 0 0 0 0 0 0 0 0 0 0 0 0 0 0 0 0 0 0 0 0 0 0 0 0 0 0 0 0 0 0 0 0 0 0 0 0 0 0 0 0 0 0 0 0 0 0 0 0 0 0 0 0 0 99 107 116 124 133 144 161 177 177 177 182 165 141 129 118 106 97 0 0 0 0 0 0 0 0 0 0 0 0 0 0 0 0 0 0 0 0 0 0 0 0 0 0 0 0 0 0 0 0 0 0 0 0 0 0
MR waspala 164 0 0 0 0 0 0 0 0 0 0 0 0 0 0 0 0 0 0 0 0 0 0 0 0 0 0 0 0 0 0 0 0 0 0 0 0 0 0 0 0 0 0 0 0 0 0 0 0 0 0 0 0 0 0 0 0 0 0 0 0 0 0 0 0 0 0 0 0 0 0 0 0 0 0 0 0 0 101 109 118 127 138 152 174 177 177 187 179 156 137 126 114 102 97 0 0 0 0 0 0 0 0 0 0 0 0 0 0 0 0 0 0 0 0 0 0 0 0 0 0 0 0 0 0 0 0 0 0 0 0 0 0
MR waspala 165 0 0 0 0 0 0 0 0 0 0 0 0 0 0 0 0 0 0 0 0 0 0 0 0 0 0 0 0 0 0 0 0 0 0 0 0 0 0 0 0 0 0 0 0 0 0 0 0 0 0 0 0 0 0 0 0 0 0 0 0 0 0 0 0 0 0 0 0 0 0 0 0 0 0 0 0 99 103 112 120 132 143 163 177 179 179 179 174 146 133 122 110 99 0 0 0 0 0 0 0 0 0 0 0 0 0 0 0 0 0 0 0 0 0 0 0 0 0 0 0 0 0 0 0 0 0 0 0 0 0 0 0
MR waspala 166 0 0 0 0 0 0 0 0 0 0 0 0 0 0 0 0 0 0 0 0 0 0 0 0 0 0 0 0 0 0 0 0 0 0 0 0 0 0 0 0 0 0 0 0 0 0 0 0 0 0 0 0 0 0 0 0 0 0 0 0 0 0 0 0 0 0 0 0 105 110 109 0 0 0 0 0 99 106 114 126 137 144 147 151 156 160 161 162 141 130 118 106 97 0 0 0 0 0 0 0 0 0 0 0 0 0 0 0 0 0 0 0 0 0 0 0 0 0 0 0 0 0 0 0 0 0 0 0 0 0 0 0
MR waspala 167 0 0 0 0 0 0 0 0 0 0 0 0 0 0 0 0 0 0 0 0 0 0 0 0 0 0 0 0 0 0 0 0 0 0 0 0 0 0 0 0 0 0 0 0 0 0 0 0 0 0 0 0 0 0 0 0 0 0 0 0 0 0 0 0 0 0 0 0 104 111 114 113 117 0 0 0 100 108 119 127 130 132 135 137 138 139 140 141 137 126 114 103 97 0 0 0 0 0 0 0 0 0 0 0 0 0 0 0 0 0 0 0 0 0 0 0 0 0 0 0 0 0 0 0 0 0 0 0 0 0 0 0
MR waspala 168 0 0 0 0 0 0 0 0 0 0 0 0 0 0 0 0 0 0 0 0 0 0 0 0 0 0 0 0 0 0 0 0 0 0 0 0 0 0 0 0 0 0 0 0 0 0 0 0 0 0 0 0 0 0 0 0 0 0 0 0 0 0 0 0 0 0 0 0 106 112 119 123 122 121 125 99 102 109 111 114 117 120 122 125 128 129 130 131 133 122 110 99 0 0 0 0 0 0 0 0 0 0 0 0 0 0 0 0 0 0 0 0 0 0 0 0 0 0 0 0 0 0 0 0 0 0 0 0 0 0 0 0
MR waspala 169 0 0 0 0 0 0 0 0 0 0 0 0 0 0 0 0 0 0 0 0 0 0 0 0 0 0 0 0 0 0 0 0 0 0 0 0 0 0 0 0 0 0 0 0 0 0 0 0 0 0 0 0 0 0 0 0 0 0 0 0 0 0 0 0 0 0 0 105 108 114 121 127 132 132 131 130 129 102 99 102 104 113 114 113 115 118 120 122 123 118 107 97 0 0 0 0 0 0 0 0 0 0 0 0 0 0 0 0 0 0 0 0 0 0 0 0 0 0 0 0 0 0 0 0 0 0 0 0 0 0 0 0
MR waspala 170 0 0 0 0 0 0 0 0 0 0 0 0 0 0 0 0 0 0 0 0 0 0 0 0 0 0 0 0 0 0 0 0 0 0 0 0 0 0 0 0 0 0 0 0 0 0 0 0 0 0 0 0 0 0 0 0 0 0 0 0 0 0 0 0 0 0 0 104 110 116 122 129 135 145 145 143 141 138 137 137 128 120 111 103 103 106 108 111 113 114 103 97 0 0 0 0 0 0 0 0 0 0 0 0 0 0 0 0 0 0 0 0 0 0 0 0 0 0 0 0 0 0 0 0 0 0 0 0 0 0 0 0
MR waspala 171 0 0 0 0 0 0 0 0 0 0 0 0 0 0 0 0 0 0 0 0 0 0 0 0 0 0 0 0 0 0 0 0 0 0 0 0 0 0 0 0 0 0 0 0 0 0 0 0 0 0 0 0 0 0 0 0 0 0 0 0 0 0 0 0 0 0 0 105 112 118 124 131 138 151 162 162 162 162 150 134 126 117 108 104 98 99 97 99 101 104 99 0 0 0 0 0 0 0 0 0 0 0 0 0 0 0 0 0 0 0 0 0 0 0 0 0 0 0 0 0 0 0 0 0 0 0 0 0 0 0 0 0
MR waspala 172 0 0 0 0 0 0 0 0 0 0 0 0 0 0 0 0 0 0 0 0 0 0 0 0 0 0 0 0 0 0 0 0 0 0 0 0 0 0 0 0 0 0 0 0 0 0 0 0 0 0 0 0 0 0 0 0 0 0 0 0 0 0 0 0 0 0 105 107 113 120 126 134 144 159 162 162 170 163 143 131 123 114 106 103 0 0 0 0 97 98 97 0 0 0 0 0 0 0 0 0 0 0 0 0 0 0 0 0 0 0 0 0 0 0 0 0 0 0 0 0 0 0 0 0 0 0 0 0 0 0 0 0
MR waspala 173 0 0 0 0 0 0 0 0 0 0 0 0 0 0 0 0 0 0 0 0 0 0 0 0 0 0 0 0 0 0 0 0 0 0 0 0 0 0 0 0 0 0 0 0 0 0 0 0 0 0 0 0 0 0 0 0 0 0 0 0 0 0 0 0 0 0 106 109 115 122 129 138 151 162 162 168 168 157 137 129 120 111 103 0 0 0 0 0 0 0 0 0 0 0 0 0 0 0 0 0 0 0 0 0 0 0 0 0 0 0 0 0 0 0 0 0 0 0 0 0 0 0 0 0 0 0 0 0 0 0 0 0
MR waspala 174 0 0 0 0 0 0 0 0 0 0 0 0 0 0 0 0 0 0 0 0 0 0 0 0 0 0 0 0 0 0 0 0 0 0 0 0 0 0 0 0 0 0 0 0 0 0 0 0 0 0 0 0 0 0 0 0 0 0 0 0 0 0 0 0 0 0 104 111 117 125 133 144 160 161 162 162 162 150 134 126 117 109 104 0 0 0 0 0 0 0 0 0 0 0 0 0 0 0 0 0 0 0 0 0 0 0 0 0 0 0 0 0 0 0 0 0 0 0 0 0 0 0 0 0 0 0 0 0 0 0 0 0
MR waspala 175 0 0 0 0 0 0 0 0 0 0 0 0 0 0 0 0 0 0 0 0 0 0 0 0 0 0 0 0 0 0 0 0 0 0 0 0 0 0 0 0 0 0 0 0 0 0 0 0 0 0 0 0 0 0 0 0 0 0 0 0 0 0 0 0 0 0 106 113 120 129 135 137 137 138 141 144 146 144 132 123 114 106 103 0 0 0 0 0 0 0 0 0 0 0 0 0 0 0 0 0 0 0 0 0 0 0 0 0 0 0 0 0 0 0 0 0 0 0 0 0 0 0 0 0 0 0 0 0 0 0 0 0
MR waspala 176 0 0 0 0 0 0 0 0 0 0 0 0 0 0 0 0 0 0 0 0 0 0 0 0 0 0 0 0 0 0 0 0 0 0 0 0 0 0 0 0 0 0 0 0 0 0 0 0 0 0 0 0 0 0 0 0 0 0 0 0 0 0 0 0 0 105 108 116 121 123 125 128 130 131 132 133 133 134 129 120 112 103 0 0 0 0 0 0 0 0 0 0 0 0 0 0 0 0 0 0 0 0 0 0 0 0 0 0 0 0 0 0 0 0 0 0 0 0 0 0 0 0 0 0 0 0 0 0 0 0 0 0
MR waspala 177 0 0 0 0 0 0 0 0 0 0 0 0 0 0 0 0 0 0 0 0 0 0 0 0 0 0 0 0 0 0 0 0 0 0 0 0 0 0 0 0 0 0 0 0 0 0 0 0 0 0 0 0 0 0 0 0 0 0 0 0 0 0 0 0 0 104 108 110 112 114 116 118 120 122 124 125 126 127 126 117 109 104 0 0 0 0 0 0 0 0 0 0 0 0 0 0 0 0 0 0 0 0 0 0 0 0 0 0 0 0 0 0 0 0 0 0 0 0 0 0 0 0 0 0 0 0 0 0 0 0 0 0
MR waspala 178 0 0 0 0 0 0 0 0 0 0 0 0 0 0 0 0 0 0 0 0 0 0 0 0 0 0 0 0 0 0 0 0 0 0 0 0 0 0 0 0 0 0 0 0 0 0 0 0 0 0 0 0 0 0 0 0 0 0 0 0 0 0 0 0 0 0 104 105 107 105 107 109 111 113 115 117 119 119 120 115 106 103 0 0 0 0 0 0 0 0 0 0 0 0 0 0 0 0 0 0 0 0 0 0 0 0 0 0 0 0 0 0 0 0 0 0 0 0 0 0 0 0 0 0 0 0 0 0 0 0 0 0
MR waspala 179 0 0 0 0 0 0 0 0 0 0 0 0 0 0 0 0 0 0 0 0 0 0 0 0 0 0 0 0 0 0 0 0 0 0 0 0 0 0 0 0 0 0 0 0 0 0 0 0 0 0 0 0 0 0 0 0 0 0 0 0 0 0 0 0 0 0 0 0 0 0 0 104 106 103 106 108 110 112 113 112 103 0 0 0 0 0 0 0 0 0 0 0 0 0 0 0 0 0 0 0 0 0 0 0 0 0 0 0 0 0 0 0 0 0 0 0 0 0 0 0 0 0 0 0 0 0 0 0 0 0 0 0
MR waspala 180 0 0 0 0 0 0 0 0 0 0 0 0 0 0 0 0 0 0 0 0 0 0 0 0 0 0 0 0 0 0 0 0 0 0 0 0 0 0 0 0 0 0 0 0 0 0 0 0 0 0 0 0 0 0 0 0 0 0 0 0 0 0 0 0 0 0 0 0 0 0 0 0 0 0 0 103 105 103 104 106 105 0 0 0 0 0 0 0 0 0 0 0 0 0 0 0 0 0 0 0 0 0 0 0 0 0 0 0 0 0 0 0 0 0 0 0 0 0 0 0 0 0 0 0 0 0 0 0 0 0 0 0
MR waspala 181 0 0 0 0 0 0 0 0 0 0 0 0 0 0 0 0 0 0 0 0 0 0 0 0 0 0 0 0 0 0 0 0 0 0 0 0 0 0 0 0 0 0 0 0 0 0 0 0 0 0 0 0 0 0 0 0 0 0 0 0 0 0 0 0 0 0 0 0 0 0 0 0 0 0 0 0 0 0 0 103 103 0 0 0 0 0 0 0 0 0 0 0 0 0 0 0 0 0 0 0 0 0 0 0 0 0 0 0 0 0 0 0 0 0 0 0 0 0 0 0 0 0 0 0 0 0 0 0 0 0 0 0
MR waspala 182 0 0 0 0 0 0 0 0 0 0 0 0 0 0 0 0 0 0 0 0 0 0 0 0 0 0 0 0 0 0 0 0 0 0 0 0 0 0 0 0 0 0 0 0 0 0 0 0 0 0 0 0 0 0 0 0 0 0 0 0 0 0 0 0 0 0 0 0 0 0 0 0 0 0 0 0 0 0 0 0 0 0 0 0 0 0 0 0 0 0 0 0 0 0 0 0 0 0 0 0 0 0 0 0 0 0 0 0 0 0 0 0 0 0 0 0 0 0 0 0 0 0 0 0 0 0 0 0 0 0 0 0
MR waspala 183 0 0 0 0 0 0 0 0 0 0 0 0 0 0 0 0 0 0 0 0 0 0 0 0 0 0 0 0 0 0 0 0 0 0 0 0 0 0 0 0 0 0 0 0 0 0 0 0 0 0 0 0 0 0 0 0 0 0 0 0 0 0 0 0 0 0 0 0 0 0 0 0 0 0 0 0 0 0 0 0 0 0 0 0 0 0 0 0 0 0 0 0 0 0 0 0 0 0 0 0 0 0 0 0 0 0 0 0 0 0 0 0 0 0 0 0 0 0 0 0 0 0 0 0 0 0 0 0 0 0 0 0
MR waspala 184 0 0 0 0 0 0 0 0 0 0 0 0 0 0 0 0 0 0 0 0 0 0 0 0 0 0 0 0 0 0 0 0 0 0 0 0 0 0 0 0 0 0 0 0 0 0 0 0 0 0 0 0 0 0 0 0 0 0 0 0 0 0 0 0 0 0 0 0 0 0 0 0 0 0 0 0 0 0 0 0 0 0 0 0 0 0 0 0 0 0 0 0 0 0 0 0 0 0 0 0 0 0 0 0 0 0 0 0 0 0 0 0 0 0 0 0 0 0 0 0 0 0 0 0 0 0 0 0 0 0 0 0
MR waspala 185 0 0 0 0 0 0 0 0 0 0 0 0 0 0 0 0 0 0 0 0 0 0 0 0 0 0 0 0 0 0 0 0 0 0 0 0 0 0 0 0 0 0 0 0 0 0 0 0 0 0 0 0 0 0 0 0 0 0 0 0 0 0 0 0 0 0 0 0 0 0 0 0 0 0 0 0 0 0 0 0 0 0 0 0 0 0 0 0 0 0 0 0 0 0 0 0 0 0 0 0 0 0 0 0 0 0 0 0 0 0 0 0 0 0 0 0 0 0 0 0 0 0 0 0 0 0 0 0 0 0 0 0
MR waspala 186 0 0 0 0 0 0 0 0 0 0 0 0 0 0 0 0 0 0 0 0 0 0 0 0 0 0 0 0 0 0 0 0 0 0 0 0 0 0 0 0 0 0 0 0 0 0 0 0 0 0 0 0 0 0 0 0 0 0 0 0 0 0 0 0 0 0 0 0 0 0 0 0 0 0 0 0 0 0 0 0 0 0 0 0 0 0 0 0 0 0 0 0 0 0 0 0 0 0 0 0 0 0 0 0 0 0 0 0 0 0 0 0 0 0 0 0 0 0 0 0 0 0 0 0 0 0 0 0 0 0 0 0
MR waspala 187 0 0 0 0 0 0 0 0 0 0 0 0 0 0 0 0 0 0 0 0 0 0 0 0 0 0 0 0 0 0 0 0 0 0 0 0 0 0 0 0 0 0 0 0 0 0 0 0 0 0 0 0 0 0 0 0 0 0 0 0 0 0 0 0 0 0 0 0 0 0 0 0 0 0 0 0 0 0 0 0 0 0 0 0 0 0 0 0 0 0 0 0 0 0 0 0 0 0 0 0 0 0 0 0 0 0 0 0 0 0 0 0 0 0 0 0 0 0 0 0 0 0 0 0 0 0 0 0 0 0 0 0
MSEND waspala 2081
MS ctyport -29 72 81 45
MR ctyport 0 0 0 0 0 0 0 0 0 0 0 0 0 0 0 0 0 0 0 0 0 0 0 0 0 0 0 0 0 0 0 0 0 0 0 0 0 0 0 0 0 0 0 0 0 0 0 0 0 0 0 0 0 0 0 0 0 0 0 0 0 0 0 0 0 0 0 0 0 0 0 0 0 0 0 0 0 0 0 0 0 0
MR ctyport 1 0 0 0 0 0 0 0 0 0 0 0 0 0 0 0 0 0 0 0 0 0 0 0 0 0 0 0 0 0 0 0 0 0 0 0 0 0 0 68 67 67 67 67 67 0 0 0 0 0 0 0 0 0 0 0 0 0 0 0 0 0 0 0 0 0 0 0 0 0 0 0 0 0 0 0 0 0 0 0 0 0
MR ctyport 2 0 0 0 0 0 0 0 0 0 0 0 0 0 0 0 0 0 0 0 0 0 0 0 0 0 0 0 0 0 0 0 0 0 0 0 0 0 0 67 66 66 66 66 66 0 0 0 0 0 0 0 0 0 0 0 0 0 0 0 0 0 0 0 0 0 0 0 0 0 0 0 0 0 0 0 0 0 0 0 0 0
MR ctyport 3 0 0 68 68 68 68 68 68 68 0 0 0 0 0 0 0 0 0 0 0 0 0 0 0 0 0 0 0 0 0 0 0 0 0 0 0 0 0 67 67 67 67 67 67 0 0 0 0 0 0 0 0 0 0 0 0 0 0 0 0 0 0 0 0 0 0 0 0 0 0 0 0 0 0 68 68 68 68 68 0 0
MR ctyport 4 0 0 68 68 68 68 68 68 68 0 0 0 0 0 0 0 0 0 0 0 0 0 0 0 0 0 0 0 0 0 0 0 0 0 0 0 0 0 68 68 68 68 67 68 0 0 0 0 0 0 0 0 0 0 0 0 0 0 0 0 0 0 0 0 0 0 0 0 0 0 0 0 0 0 68 68 68 68 68 0 0
MR ctyport 5 0 0 68 68 68 68 68 68 68 0 0 0 0 0 0 0 0 0 0 0 0 0 0 0 0 0 0 0 0 0 0 0 0 0 0 0 0 0 68 68 68 67 68 68 0 0 0 0 0 0 0 0 0 0 0 0 0 0 0 0 0 0 0 0 0 0 0 0 0 0 0 0 0 0 68 68 68 76 68 0 0
MR ctyport 6 0 0 68 68 68 68 68 68 68 0 0 0 0 0 0 0 0 0 0 0 0 0 0 0 0 0 0 0 0 0 0 84 0 0 0 0 0 0 68 68 68 68 68 68 0 0 0 0 0 0 0 0 0 0 0 0 0 0 0 0 0 0 0 0 0 0 0 0 0 0 0 0 0 0 68 68 68 76 68 0 0
MR ctyport 7 0 0 0 0 68 68 68 68 68 0 0 0 0 0 0 0 0 0 0 0 0 0 0 0 0 0 0 0 0 69 69 69 69 69 0 0 0 0 68 68 68 68 68 68 68 0 0 0 69 69 69 69 69 0 0 0 0 0 0 0 0 0 0 0 0 0 0 0 0 0 0 0 0 68 68 68 68 68 0 0 0
MR ctyport 8 0 0 0 0 68 68 68 68 68 0 0 0 0 0 0 0 0 0 0 0 0 0 0 0 0 0 0 69 69 69 69 69 69 69 0 0 0 0 68 68 68 68 68 68 68 0 0 0 69 69 69 69 69 69 69 0 0 0 0 0 0 0 0 0 0 0 0 0 0 0 0 0 0 68 68 68 68 68 0 0 0
MR ctyport 9 0 0 0 0 68 68 68 68 68 0 0 0 0 0 0 0 0 0 0 0 0 0 0 0 0 69 69 69 69 69 69 69 69 69 69 0 0 0 68 68 68 68 68 68 68 0 0 69 69 69 69 69 69 69 69 69 69 0 0 0 0 0 0 0 0 0 0 0 0 0 0 0 0 68 68 68 68 68 0 0 0
MR ctyport 10 0 0 0 0 68 68 68 68 68 0 0 0 0 0 0 0 0 0 0 0 0 0 0 0 69 69 69 69 69 69 69 69 69 69 69 0 0 71 69 69 69 69 69 69 0 0 0 69 69 69 69 69 69 69 69 69 69 69 0 0 0 0 0 0 0 0 0 0 0 0 0 0 0 68 68 68 68 68 0 0 0
MR ctyport 11 0 0 0 0 68 68 68 68 68 69 0 0 0 0 0 0 0 0 0 0 0 0 69 69 80 69 69 69 69 69 0 0 69 69 69 75 68 68 69 69 69 69 69 69 68 74 76 69 69 69 0 0 69 69 69 69 69 69 69 69 0 0 0 0 0 0 0 0 0 0 0 0 69 68 68 68 68 68 0 0 0
MR ctyport 12 0 0 0 0 68 68 68 68 69 69 69 0 0 0 0 0 0 0 0 0 0 69 69 69 69 69 69 69 0 0 0 0 69 69 69 68 68 68 69 69 69 69 69 69 68 68 68 69 69 69 0 0 0 0 70 69 69 69 69 69 69 0 0 0 0 0 0 0 0 0 69 69 69 69 68 68 68 68 0 0 0
MR ctyport 13 0 0 0 0 68 68 68 68 69 69 69 69 69 0 0 0 0 0 0 0 69 69 69 69 69 69 70 0 0 0 0 0 69 69 69 68 68 68 69 69 69 69 69 69 68 68 68 69 69 69 0 0 0 0 0 0 69 69 69 69 69 69 0 0 0 0 0 0 0 69 69 69 69 69 68 68 68 68 0 0 0
MR ctyport 14 0 0 0 0 68 68 68 0 69 69 69 69 69 69 0 0 0 0 0 69 69 69 69 69 69 0 0 0 0 0 0 0 0 69 69 67 66 69 69 0 68 69 69 69 69 66 67 69 69 0 0 0 0 0 0 0 0 69 69 69 69 69 69 0 0 0 0 69 69 69 69 69 69 69 69 68 68 68 0 0 0
MR ctyport 15 0 0 0 0 68 68 69 69 69 69 69 69 69 69 69 69 0 0 69 69 69 69 69 65 97 96 0 0 0 0 0 0 0 69 0 0 0 0 0 0 0 64 0 0 0 0 0 0 69 0 0 0 0 0 0 0 0 0 65 69 69 69 69 69 0 0 69 69 69 69 69 69 69 69 69 69 68 68 0 0 0
MR ctyport 16 0 0 0 0 0 68 69 80 69 69 69 69 69 69 69 69 69 69 69 69 69 69 91 0 0 88 0 0 0 0 0 0 0 0 0 0 0 0 0 0 0 60 0 0 0 0 0 0 0 0 0 0 0 0 0 0 0 0 0 70 69 69 69 69 69 69 69 69 69 69 69 69 69 69 84 69 68 68 0 0 0
MR ctyport 17 0 0 0 0 0 69 69 85 69 69 69 69 69 69 69 69 69 69 69 69 69 70 0 85 0 79 0 0 0 0 0 0 0 0 0 0 0 0 0 0 0 55 0 0 0 0 0 0 0 0 0 0 0 0 79 0 0 0 0 0 70 69 69 69 69 69 69 69 69 69 69 69 69 69 70 69 69 0 0 0 0
MR ctyport 18 0 0 0 0 0 0 0 69 69 69 69 69 69 69 69 69 68 68 70 69 70 0 0 0 0 0 0 0 0 0 0 0 0 0 0 0 0 0 0 0 0 0 0 0 0 0 0 0 0 0 0 0 0 0 0 0 0 0 0 0 0 70 69 72 68 68 69 69 69 69 69 69 69 69 69 0 0 0 0 0 0
MR ctyport 19 0 0 0 0 0 0 0 0 69 69 69 69 69 69 69 68 68 68 68 69 0 87 78 0 0 0 0 0 0 0 0 0 0 0 0 0 0 0 0 0 0 0 0 0 0 0 0 0 0 0 0 0 0 0 76 0 0 0 78 77 0 0 67 68 68 68 68 69 69 69 69 69 69 0 0 0 0 0 0 0 0
MR ctyport 20 0 0 0 0 0 0 0 0 0 0 69 69 69 69 69 68 68 68 67 0 0 0 0 68 0 0 0 0 0 0 0 0 0 0 0 0 0 0 0 0 0 0 0 0 0 0 0 0 0 0 0 0 0 0 72 0 0 0 65 78 0 0 0 68 68 68 68 69 69 69 69 69 0 0 0 0 0 0 0 0 0
MR ctyport 21 0 0 0 0 0 0 0 0 0 0 0 69 69 69 68 68 68 68 68 0 0 0 0 73 0 0 0 0 0 0 0 0 0 0 0 0 0 0 0 0 0 0 0 0 0 0 0 0 0 0 0 0 0 0 69 0 0 79 0 0 0 0 0 68 68 68 68 68 69 69 0 0 0 0 0 0 0 0 0 0 0
MR ctyport 22 0 0 0 0 0 0 0 0 0 0 0 0 0 69 69 68 68 68 0 0 0 0 0 0 0 0 0 0 0 0 0 0 0 0 0 0 0 0 0 0 0 0 0 0 0 0 0 0 0 0 0 0 0 64 64 0 0 0 0 0 0 0 0 0 68 68 68 69 69 0 0 0 0 0 0 0 0 0 0 0 0
MR ctyport 23 0 0 0 0 0 0 0 0 0 0 0 0 0 69 69 69 68 67 0 0 0 0 0 0 0 0 0 0 0 0 0 0 0 0 0 0 0 0 0 0 0 0 0 0 0 0 0 0 0 0 0 0 0 62 0 0 0 0 0 0 0 0 0 0 0 69 69 69 69 0 0 0 0 0 0 0 0 0 0 0 0
MR ctyport 24 0 0 0 0 0 0 0 0 0 0 0 0 69 69 69 69 69 0 0 0 0 0 0 0 0 0 0 0 0 0 0 0 0 0 0 0 0 0 0 0 0 0 0 0 0 0 0 0 0 0 0 0 0 0 0 0 0 0 0 0 0 0 0 0 0 69 69 69 69 69 0 0 0 0 0 0 0 0 0 0 0
MR ctyport 25 0 0 0 0 0 0 0 0 0 0 0 0 69 69 69 69 0 0 0 0 0 0 0 0 0 0 0 0 0 0 0 0 0 0 0 0 0 0 0 0 0 0 0 0 0 0 0 0 0 0 0 0 0 0 0 0 0 0 0 0 0 0 0 0 0 0 69 69 69 69 0 0 0 0 0 0 0 0 0 0 0
MR ctyport 26 0 0 0 0 0 0 0 0 0 0 0 0 69 69 69 69 0 0 0 0 0 0 0 0 0 0 0 0 0 0 0 0 0 0 0 0 0 0 0 0 0 0 0 0 0 0 0 0 0 0 0 0 0 0 0 0 0 0 0 0 0 0 0 0 0 0 69 69 69 69 0 0 0 0 0 0 0 0 0 0 0
MR ctyport 27 0 0 0 0 0 0 0 0 0 0 0 0 69 69 69 70 0 0 0 0 0 0 0 0 0 0 0 0 0 0 0 0 0 0 0 0 0 0 0 0 0 0 0 0 0 0 0 0 0 0 0 0 0 0 0 0 0 0 0 0 0 0 0 0 0 0 70 69 69 69 69 0 0 0 0 0 0 0 0 0 0
MR ctyport 28 0 0 0 0 0 0 0 0 0 0 0 69 69 69 69 70 70 70 70 0 0 0 0 0 0 0 0 0 0 0 0 0 0 0 0 0 0 0 0 0 0 0 0 0 0 0 0 0 0 0 0 0 0 0 0 0 0 0 0 0 0 0 0 69 70 70 70 69 69 69 69 0 0 0 0 0 0 0 0 0 0
MR ctyport 29 0 0 0 0 0 0 0 0 0 0 0 69 69 69 69 70 70 70 70 70 70 70 0 0 0 0 0 0 0 0 0 0 0 0 0 0 0 0 0 0 0 0 0 0 0 0 0 0 0 0 0 0 0 0 0 0 0 0 0 0 70 70 70 70 70 70 70 69 69 69 69 0 0 0 0 0 0 0 0 0 0
MR ctyport 30 0 0 0 0 0 0 0 0 0 0 0 69 69 69 68 0 0 70 70 70 70 70 70 69 0 0 0 0 0 0 0 0 0 0 0 0 0 0 0 0 0 0 0 0 0 0 0 0 0 0 0 0 0 0 0 0 0 0 70 70 70 70 70 70 0 0 0 68 69 69 69 0 0 0 0 0 0 0 0 0 0
MR ctyport 31 0 0 0 0 0 0 0 0 0 70 0 69 69 69 70 0 0 0 0 0 68 70 70 70 70 70 0 0 0 0 0 0 0 0 0 0 0 0 0 0 0 0 0 0 0 0 0 0 0 0 0 0 0 0 0 0 70 70 70 70 70 0 0 0 0 0 0 69 69 69 68 69 70 0 0 0 0 0 0 0 0
MR ctyport 32 0 0 0 0 0 0 0 0 0 0 0 0 0 0 0 0 0 0 0 0 0 0 0 70 70 70 69 0 0 0 0 0 0 0 0 0 0 0 0 0 0 0 0 0 0 0 0 0 0 0 0 0 0 0 0 70 70 70 70 0 0 0 0 0 0 0 0 0 0 0 0 0 0 0 0 0 0 0 0 0 0
MR ctyport 33 0 0 0 0 0 0 0 0 0 0 0 0 0 0 0 0 0 0 0 0 0 0 0 0 0 70 70 70 70 70 69 69 69 68 70 0 0 0 0 0 0 0 0 0 0 0 0 70 68 69 69 69 70 70 70 70 70 0 0 0 0 0 0 0 0 0 0 0 0 0 0 0 0 0 0 0 0 0 0 0 0
MR ctyport 34 0 0 0 0 0 0 0 0 0 0 0 0 0 0 0 0 0 0 0 0 0 0 0 0 0 0 70 70 70 69 69 69 69 69 69 0 0 0 0 0 0 0 0 0 0 0 0 69 69 69 69 69 69 70 70 70 0 0 0 0 0 0 0 0 0 0 0 0 0 0 0 0 0 0 0 0 0 0 0 0 0
MR ctyport 35 0 0 0 0 0 0 0 0 0 0 0 0 0 0 0 0 0 0 0 0 0 0 0 0 0 0 0 0 69 69 69 98 98 69 69 69 0 0 0 0 0 0 0 0 0 0 69 69 69 98 98 69 69 69 0 0 0 0 0 0 0 0 0 0 0 0 0 0 0 0 0 0 0 0 0 0 0 0 0 0 0
MR ctyport 36 0 0 0 0 0 0 0 0 0 0 0 0 0 0 0 0 0 0 0 0 0 0 0 0 0 0 0 0 69 69 69 98 98 69 69 69 69 71 73 73 74 74 73 73 71 69 69 69 69 98 98 69 69 69 0 0 0 0 0 0 0 0 0 0 0 0 0 0 0 0 0 0 0 0 0 0 0 0 0 0 0
MR ctyport 37 0 0 0 0 0 0 0 0 0 0 0 0 0 0 0 0 0 0 0 0 0 0 0 0 0 0 0 0 69 69 98 0 0 98 69 69 70 71 73 74 74 74 74 73 71 70 69 69 98 0 0 98 69 69 0 0 0 0 0 0 0 0 0 0 0 0 0 0 0 0 0 0 0 0 0 0 0 0 0 0 0
MR ctyport 38 0 0 0 0 0 0 0 0 0 0 0 0 0 0 0 0 0 0 0 0 0 0 0 0 0 0 0 0 69 69 69 98 98 69 69 69 69 0 0 73 0 0 73 0 0 69 69 69 69 98 98 69 69 69 0 0 0 0 0 0 0 0 0 0 0 0 0 0 0 0 0 0 0 0 0 0 0 0 0 0 0
MR ctyport 39 0 0 0 0 0 0 0 0 0 0 0 0 0 0 0 0 0 0 0 0 0 0 0 0 0 0 0 0 70 69 69 69 69 69 69 69 0 0 0 0 0 0 0 0 0 0 70 69 69 69 69 69 69 69 0 0 0 0 0 0 0 0 0 0 0 0 0 0 0 0 0 0 0 0 0 0 0 0 0 0 0
MR ctyport 40 0 0 0 0 0 0 0 0 0 0 0 0 0 0 0 0 0 0 0 0 0 0 0 0 0 0 0 0 0 69 69 69 69 69 69 0 0 0 0 0 0 0 0 0 0 0 0 69 69 69 69 69 69 0 0 0 0 0 0 0 0 0 0 0 0 0 0 0 0 0 0 0 0 0 0 0 0 0 0 0 0
MR ctyport 41 0 0 0 0 0 0 0 0 0 0 0 0 0 0 0 0 0 0 0 0 0 0 0 0 0 0 0 0 0 0 68 68 69 0 0 0 0 0 0 0 0 0 0 0 0 0 0 0 0 68 69 68 0 0 0 0 0 0 0 0 0 0 0 0 0 0 0 0 0 0 0 0 0 0 0 0 0 0 0 0 0
MR ctyport 42 0 0 0 0 0 0 0 0 0 0 0 0 0 0 0 0 0 0 0 0 0 0 0 0 0 0 0 0 0 0 0 0 0 0 0 0 0 0 0 0 0 0 0 0 0 0 0 0 0 0 0 0 0 0 0 0 0 0 0 0 0 0 0 0 0 0 0 0 0 0 0 0 0 0 0 0 0 0 0 0 0
MR ctyport 43 0 0 0 0 0 0 0 0 0 0 0 0 0 0 0 0 0 0 0 0 0 0 0 0 0 0 0 0 0 0 0 0 0 0 0 0 0 0 0 0 0 0 0 0 0 0 0 0 0 0 0 0 0 0 0 0 0 0 0 0 0 0 0 0 0 0 0 0 0 0 0 0 0 0 0 0 0 0 0 0 0
MR ctyport 44 0 0 0 0 0 0 0 0 0 0 0 0 0 0 0 0 0 0 0 0 0 0 0 0 0 0 0 0 0 0 0 0 0 0 0 0 0 0 0 0 0 0 0 0 0 0 0 0 0 0 0 0 0 0 0 0 0 0 0 0 0 0 0 0 0 0 0 0 0 0 0 0 0 0 0 0 0 0 0 0 0
MSEND ctyport 924
MS ctyinda 40 46 110 49
MR ctyinda 0 0 0 0 0 0 0 0 0 0 0 0 0 0 0 0 0 0 0 0 0 0 0 0 0 0 0 0 0 0 0 0 0 0 0 0 0 0 0 0 0 0 0 0 0 0 0 0 0 0 0 0 0 0 0 0 0 0 0 0 0 0 0 0 0 0 0 0 0 0 0 0 0 0 0 0 0 0 0 0 0 0 0 0 0 0 0 0 0 0 0 0 0 0 0 0 0 0 0 0 0 0 0 0 0 0 0 0 0 0 0
MR ctyinda 1 0 0 0 0 0 0 0 0 0 0 0 0 0 0 0 0 0 0 0 0 0 0 0 0 0 0 0 0 0 0 0 0 0 0 0 0 0 0 0 0 0 0 0 0 0 0 0 0 0 0 0 0 0 0 0 0 0 0 0 0 0 0 0 0 0 0 0 0 0 0 0 0 0 0 0 0 0 0 0 0 0 0 0 0 0 0 0 0 0 0 0 0 0 0 0 0 0 0 0 0 0 0 0 0 0 0 0 0 0 0
MR ctyinda 2 0 0 0 0 0 0 0 0 0 0 0 0 0 0 0 0 0 0 0 0 0 0 0 0 0 0 0 0 0 0 0 0 0 0 0 0 0 0 0 0 0 0 0 0 0 0 0 0 0 0 0 0 0 0 0 0 0 0 0 0 0 0 0 0 0 0 0 0 0 0 0 0 0 0 0 0 0 0 0 0 0 0 0 0 0 0 0 0 0 0 0 0 0 0 0 0 0 0 0 0 0 0 0 0 0 0 0 0 0 0
MR ctyinda 3 0 0 0 0 0 0 0 0 0 0 69 69 69 69 69 69 69 69 69 69 69 69 69 0 0 0 0 0 0 0 0 0 0 0 0 0 0 0 0 0 0 0 0 0 0 0 0 0 0 0 0 0 0 0 0 0 0 0 0 0 0 0 0 0 0 0 0 0 0 0 0 0 0 0 0 0 0 0 0 0 0 0 0 0 0 0 0 0 0 0 0 0 0 0 0 0 0 0 0 0 0 0 0 0 0 0 0 0 0 0
MR ctyinda 4 0 0 0 0 0 0 0 0 0 0 69 69 69 69 69 69 69 69 69 69 69 69 69 0 0 0 0 0 0 0 0 0 0 0 0 0 0 0 0 0 0 0 0 0 0 0 0 0 0 0 0 0 0 0 0 0 0 0 0 0 0 0 0 0 0 0 0 0 0 0 0 0 0 0 0 0 0 0 0 0 0 0 0 0 0 0 0 0 0 0 0 0 0 0 0 0 0 0 0 0 0 0 0 0 0 0 0 0 0 0
MR ctyinda 5 0 0 0 0 0 0 0 0 0 0 69 69 69 69 69 69 69 69 69 69 69 69 69 0 0 0 0 0 0 0 0 0 0 0 0 0 0 0 0 0 0 0 0 0 0 0 0 0 0 0 0 0 0 0 0 0 0 0 0 0 0 0 0 0 0 0 0 0 0 0 0 0 0 0 0 0 0 0 0 0 0 0 0 0 0 0 0 0 0 0 0 0 0 0 0 0 0 0 0 0 0 0 0 0 0 0 0 0 0 0
MR ctyinda 6 0 0 0 0 0 0 0 0 0 0 69 69 69 69 69 69 69 69 69 69 69 69 69 0 0 0 0 0 0 0 0 0 0 0 0 0 0 0 0 0 0 0 0 0 0 0 0 0 0 0 0 0 0 0 0 0 0 0 0 0 0 0 0 0 0 0 0 0 0 0 0 0 0 0 0 0 0 0 0 0 0 0 0 0 0 0 0 0 0 0 0 0 0 0 0 0 0 0 0 0 0 0 0 0 0 0 0 0 0 0
MR ctyinda 7 0 0 0 0 0 0 0 0 0 0 69 69 69 69 69 69 69 69 69 69 69 69 69 69 69 69 69 0 0 0 0 0 0 0 0 0 0 0 0 0 0 0 0 0 0 0 0 0 0 0 0 0 0 0 0 0 0 0 0 0 0 0 0 0 0 0 0 0 0 0 0 0 0 0 0 0 0 0 0 0 0 0 0 0 0 0 0 0 0 0 0 0 0 0 0 0 0 0 0 0 0 0 0 0 0 0 0 0 0 0
MR ctyinda 8 0 0 0 0 0 0 0 0 0 0 69 69 69 69 69 69 69 69 69 69 69 70 69 69 69 69 69 0 0 0 0 0 0 0 0 0 0 0 0 0 0 0 0 0 0 0 0 0 0 0 0 0 0 0 0 0 0 0 0 0 0 0 0 0 0 0 0 0 0 0 0 0 0 0 0 0 0 0 0 0 0 0 0 0 0 0 0 0 0 0 0 0 0 0 0 0 0 0 0 0 0 0 0 0 0 0 0 0 0 0
MR ctyinda 9 0 0 0 0 0 0 0 0 0 0 69 69 69 69 69 69 69 69 70 69 69 69 69 69 69 69 69 0 0 0 0 0 0 0 0 0 0 0 0 0 0 0 0 0 0 0 0 0 0 0 0 0 0 0 0 0 0 0 0 0 0 0 0 0 0 0 0 0 0 0 0 0 0 0 0 0 0 0 0 0 0 0 0 0 0 0 0 0 0 0 0 0 0 0 0 0 0 0 0 0 0 0 0 0 0 0 0 0 0 0
MR ctyinda 10 0 0 0 0 0 0 0 0 0 0 69 69 69 69 69 69 69 69 70 78 78 78 78 78 78 70 70 0 0 0 0 0 0 0 0 0 0 0 0 0 0 0 0 0 0 0 0 0 0 0 0 0 0 0 0 0 0 0 0 0 0 0 0 0 0 0 0 0 0 0 0 0 0 0 0 0 0 0 0 0 0 0 0 0 0 0 0 0 0 0 0 0 0 0 0 0 0 0 0 0 0 0 0 0 0 0 0 0 0 0
MR ctyinda 11 0 0 0 0 0 0 0 0 0 0 0 0 0 0 69 69 69 69 69 69 69 69 77 69 69 70 69 69 69 69 69 69 69 69 69 0 0 0 0 0 0 0 0 0 0 0 0 0 0 0 0 0 0 0 0 0 0 0 0 0 0 0 0 0 0 0 0 0 0 0 0 0 0 0 0 0 0 0 0 0 0 0 0 0 0 0 0 0 0 0 0 0 0 0 0 0 0 0 0 0 0 0 0 0 0 0 0 0 0 0
MR ctyinda 12 0 0 0 0 0 0 0 0 0 0 0 0 0 0 69 69 69 69 78 69 70 69 69 69 70 70 69 69 69 69 69 69 69 69 69 0 0 0 0 0 0 0 0 0 0 0 0 0 0 0 0 0 0 0 0 0 0 0 0 0 0 0 0 0 0 0 0 0 0 0 0 0 0 0 0 0 0 0 0 0 0 0 0 0 0 0 0 0 0 0 0 0 0 0 0 0 0 0 0 0 0 0 0 0 0 0 0 0 0 0
MR ctyinda 13 0 0 0 0 0 0 0 0 0 0 0 0 0 0 69 69 69 69 78 70 69 69 69 69 78 77 69 69 69 69 69 69 69 69 69 0 0 0 0 0 0 0 0 0 0 0 0 0 0 0 0 0 0 0 0 0 0 0 0 0 0 0 0 0 0 0 0 0 0 0 0 0 0 0 0 0 0 0 0 0 0 0 0 0 0 0 0 0 0 0 0 0 0 0 0 0 0 0 0 0 0 0 0 0 0 0 0 0 0 0
MR ctyinda 14 0 0 0 0 0 0 0 0 0 0 0 0 0 0 69 69 69 69 78 69 69 69 69 69 69 69 69 70 69 69 69 69 69 69 69 0 0 0 0 0 0 0 0 0 0 0 0 0 0 0 0 0 0 0 0 0 0 0 0 0 0 0 0 0 0 0 0 0 0 0 0 0 0 0 0 0 0 0 0 0 0 0 0 0 0 0 0 0 0 0 0 0 0 0 0 0 0 0 0 0 0 0 0 0 0 0 0 0 0 0
MR ctyinda 15 0 0 0 0 0 0 0 0 0 0 69 69 69 69 69 69 69 69 78 69 69 69 69 69 69 69 69 69 69 69 69 69 69 0 0 0 0 0 0 0 0 0 0 0 0 0 0 0 0 0 0 0 0 0 0 0 0 0 0 0 0 0 0 0 0 0 0 0 0 0 0 0 0 0 0 0 0 0 0 0 0 0 0 0 0 0 0 0 0 0 0 0 0 0 0 0 0 0 0 0 0 0 0 0 0 0 0 0 0 0
MR ctyinda 16 0 0 0 0 0 0 0 0 0 0 69 69 69 69 69 69 69 69 70 69 69 69 69 69 70 69 69 69 69 69 69 69 69 0 0 0 0 0 0 0 0 0 0 0 0 0 0 0 0 0 0 0 0 0 0 0 0 0 0 0 0 0 0 0 0 0 0 0 0 0 0 0 0 0 0 0 0 0 0 0 0 0 0 0 0 0 0 0 0 0 0 0 0 0 0 0 0 0 0 0 0 0 0 0 0 0 0 0 0 0
MR ctyinda 17 0 0 0 0 0 0 0 0 0 0 69 69 69 69 69 69 69 69 70 69 69 69 69 69 70 78 78 78 78 78 78 69 69 0 0 0 0 0 0 0 0 0 0 0 0 0 0 0 0 0 0 0 0 0 0 0 0 0 0 0 0 0 0 0 0 0 0 0 0 0 0 0 0 0 0 0 0 0 0 0 0 0 0 0 0 0 0 0 0 0 0 0 0 0 0 0 0 0 0 0 0 0 0 0 0 0 0 0 0 0
MR ctyinda 18 0 0 0 0 0 0 0 0 0 0 69 69 69 69 69 69 69 69 70 69 69 69 69 69 69 61 62 66 69 69 78 70 69 0 0 0 0 0 0 0 0 0 0 0 0 0 0 0 0 0 0 0 0 0 0 0 0 0 0 0 0 0 0 0 0 0 0 0 0 0 0 0 0 0 0 0 0 0 0 0 0 0 0 0 0 0 0 0 0 0 0 0 0 0 0 0 0 0 0 0 0 0 0 0 0 0 0 0 0 0
MR ctyinda 19 0 0 0 0 0 0 69 69 69 69 69 69 69 69 69 69 69 69 69 69 69 69 69 69 69 69 69 69 69 69 78 69 69 69 69 0 0 0 0 0 0 0 0 0 0 0 0 0 0 0 0 0 0 0 0 0 0 0 0 0 0 0 0 0 0 0 0 0 0 0 0 0 0 0 0 0 0 0 0 0 0 0 0 0 0 0 0 0 0 0 0 0 0 0 0 0 0 0 0 0 0 0 0 0 0 0 0 0 0 0
MR ctyinda 20 0 0 0 0 0 0 69 69 69 69 69 69 69 69 69 69 69 69 69 78 78 69 69 69 69 69 70 69 69 69 78 69 69 69 69 0 0 0 0 0 0 0 0 0 0 0 0 0 0 0 0 0 0 0 0 0 0 0 0 0 0 0 0 0 0 0 0 0 0 0 0 0 0 0 0 0 0 0 0 0 0 0 0 0 0 0 0 0 0 0 0 0 0 0 0 0 0 0 0 0 0 0 0 0 0 0 0 0 0 0
MR ctyinda 21 0 0 0 0 0 0 69 69 69 69 71 73 76 78 78 69 69 69 69 69 78 69 69 69 69 69 70 78 78 78 78 69 69 69 69 0 0 0 0 0 0 0 0 0 0 0 0 0 0 0 0 0 0 0 0 0 0 0 0 0 0 0 0 0 0 0 0 0 0 0 0 0 0 0 0 0 0 0 0 0 0 0 0 0 0 0 0 0 0 0 0 0 0 0 0 0 0 0 0 0 0 0 0 0 0 0 0 0 0 0
MR ctyinda 22 0 0 0 0 0 0 69 69 69 69 69 69 69 69 78 69 69 69 69 69 78 69 69 69 69 69 69 78 78 69 69 69 69 69 69 0 0 0 0 0 0 0 0 0 0 0 0 0 0 0 0 0 0 0 0 0 0 0 0 0 0 0 0 0 0 0 0 0 0 0 0 0 0 0 0 0 0 0 0 0 0 0 0 0 0 0 0 0 0 0 0 0 0 0 0 0 0 0 0 0 0 0 0 0 0 0 0 0 0 0
MR ctyinda 23 0 0 0 0 0 0 69 69 69 69 69 69 69 69 78 69 70 69 69 69 78 69 69 69 69 69 69 78 69 69 69 0 0 0 0 0 0 0 0 0 0 0 0 0 0 0 0 0 0 0 0 0 0 0 0 0 0 0 0 0 0 0 0 0 0 0 0 0 0 0 0 0 0 0 0 0 0 0 0 0 0 0 0 0 0 0 0 0 0 0 0 0 0 0 0 0 0 0 0 0 0 0 0 0 0 0 0 0 0 0
MR ctyinda 24 0 0 0 0 0 0 69 69 69 69 69 69 69 69 78 69 70 69 69 69 78 69 69 69 69 69 69 78 69 69 69 0 0 0 0 0 0 0 0 0 0 0 0 0 0 0 0 0 0 0 0 0 0 0 0 0 0 0 0 0 0 0 0 0 0 0 0 0 0 0 0 0 0 0 0 0 0 0 0 0 0 0 0 0 0 0 0 0 0 0 0 0 0 0 0 0 0 0 0 0 0 0 0 0 0 0 0 0 0 0
MR ctyinda 25 0 0 0 69 69 69 69 69 69 69 69 69 69 69 78 78 78 78 78 78 78 69 69 69 71 73 76 78 69 69 69 0 0 0 0 0 0 0 0 0 0 0 0 0 0 0 0 0 0 0 0 0 0 0 0 0 0 0 0 0 0 0 0 0 0 0 0 0 0 0 0 0 0 0 0 0 0 0 0 0 0 0 0 0 0 0 0 0 0 0 0 0 0 0 0 0 0 0 0 0 0 0 0 0 0 0 0 0 0 0
MR ctyinda 26 0 0 0 69 69 69 69 69 69 69 69 69 69 69 69 69 69 69 69 69 78 69 85 85 85 85 69 69 70 69 69 0 0 0 0 0 0 0 0 0 0 0 0 0 0 0 0 0 0 0 0 0 0 0 0 0 0 0 0 0 0 0 0 0 0 0 0 0 0 0 0 0 0 0 0 0 0 0 0 0 0 0 0 0 0 0 0 0 0 0 0 0 0 0 0 0 0 0 0 0 0 0 0 0 0 0 0 0 0 0
MR ctyinda 27 0 0 0 69 69 69 69 69 69 69 69 69 69 0 0 0 0 0 0 0 0 0 0 0 0 0 0 0 70 0 0 0 0 0 0 0 0 0 0 0 0 0 0 0 0 0 0 0 0 0 0 0 0 0 0 0 0 0 0 0 0 0 0 0 0 0 0 0 0 0 0 0 0 0 0 0 0 0 0 0 0 0 0 0 0 0 0 0 0 0 0 0 0 0 0 0 0 0 0 0 0 0 0 0 0 0 0 0 0 0
MR ctyinda 28 0 0 0 69 69 69 69 69 69 69 69 69 69 0 0 0 0 0 0 0 0 0 0 0 0 0 0 0 0 0 0 0 0 0 0 0 0 0 0 0 0 0 0 0 0 0 0 0 0 0 0 0 0 0 0 0 0 0 0 0 0 0 0 0 0 0 0 0 0 0 0 0 0 0 0 0 0 0 0 0 0 0 0 0 0 0 0 0 0 0 0 0 0 0 0 0 0 0 0 0 0 0 0 0 0 0 0 0 0 0
MR ctyinda 29 0 0 0 0 68 68 68 68 68 69 70 69 69 0 0 0 0 0 0 0 0 0 0 0 0 0 0 0 0 0 0 0 0 0 0 0 0 0 0 0 0 0 0 0 0 0 0 0 0 0 0 0 0 0 0 0 0 0 0 0 0 0 0 0 0 0 0 0 0 0 0 0 0 0 0 0 0 0 0 0 0 0 0 0 0 0 0 0 0 0 0 0 0 0 0 0 0 0 0 0 0 0 0 0 0 0 0 0 0 0
MR ctyinda 30 0 0 0 0 68 68 68 68 68 69 69 69 69 0 0 0 0 0 0 0 0 0 0 0 0 0 0 0 0 0 0 0 0 0 0 0 0 0 0 0 0 0 0 0 0 0 0 0 0 0 0 0 0 0 0 0 0 0 0 0 0 0 0 0 0 0 0 0 0 0 0 0 0 0 0 0 0 0 0 0 0 0 0 0 0 0 0 0 0 0 0 0 0 0 0 0 0 0 0 0 0 0 0 0 0 0 0 0 0 0
MR ctyinda 31 0 0 0 0 68 68 68 68 68 0 0 0 0 0 0 0 0 0 0 0 0 0 0 0 0 0 0 0 0 0 0 0 0 0 0 0 0 0 0 0 0 0 0 0 0 0 0 0 0 0 0 0 0 0 0 0 0 0 0 0 0 0 0 0 0 0 0 0 0 0 0 0 0 0 0 0 0 0 0 0 0 0 0 0 0 0 0 0 0 0 0 0 0 0 0 0 0 0 0 0 0 0 0 0 0 0 0 0 0 0
MR ctyinda 32 0 0 68 68 68 68 68 68 68 0 0 0 0 0 0 0 0 0 0 0 0 0 0 0 0 0 0 0 0 0 0 0 0 0 0 0 0 0 0 0 0 0 0 0 0 0 0 0 0 0 0 0 0 0 0 0 0 0 0 0 0 0 0 0 0 0 0 0 0 0 0 0 0 0 0 0 0 0 0 0 0 0 0 0 0 0 0 0 0 0 0 0 0 0 0 0 0 0 0 0 0 0 0 0 0 0 0 0 0 0
MR ctyinda 33 0 0 68 68 68 68 68 0 0 0 0 0 0 0 0 0 0 0 0 0 0 0 0 0 0 0 0 0 0 0 0 0 0 0 0 0 0 0 0 0 0 0 0 0 0 0 0 0 0 0 0 0 0 0 0 0 0 0 0 0 0 0 0 0 0 0 0 0 0 0 0 0 0 0 0 0 0 0 0 0 0 0 0 0 0 0 0 0 0 0 0 0 0 0 0 0 0 0 0 0 0 0 0 0 0 0 0 0 0 0
MR ctyinda 34 0 0 68 68 68 68 68 0 0 0 0 0 0 0 0 0 0 0 0 0 0 0 0 0 0 0 0 0 0 0 0 0 0 0 0 0 0 0 0 0 0 0 0 0 0 0 0 0 0 0 0 0 0 0 0 0 0 0 0 0 0 0 0 0 0 0 0 0 0 0 0 0 0 0 0 0 0 0 0 0 0 0 0 0 0 0 0 0 0 0 0 0 0 0 0 0 0 0 0 0 0 0 0 0 0 0 0 0 0 0
MR ctyinda 35 0 0 68 68 68 68 68 0 0 0 0 0 0 0 0 0 0 0 0 0 0 0 0 0 0 0 0 0 0 0 0 0 0 0 0 0 0 0 0 0 0 0 0 0 0 0 0 0 0 0 0 0 0 0 0 0 0 0 0 0 0 0 0 0 0 0 0 0 0 0 0 0 0 0 0 0 0 0 0 0 0 0 0 0 0 0 0 0 0 0 0 0 0 0 0 0 0 0 0 0 0 0 0 0 0 0 0 0 0 0
MR ctyinda 36 0 0 0 0 86 0 0 0 0 0 0 0 0 0 0 0 0 0 0 0 0 0 0 0 0 0 0 0 0 0 0 0 0 0 0 0 0 0 0 0 0 0 0 0 0 0 0 0 0 0 0 0 0 0 0 0 0 0 0 0 0 0 0 0 0 0 0 0 0 0 0 0 0 0 0 0 0 0 0 0 0 0 0 0 0 0 0 0 0 0 0 0 0 0 0 0 0 0 0 0 0 0 0 0 0 0 0 0 0 0
MR ctyinda 37 0 0 0 0 86 0 0 0 0 0 0 0 0 0 0 0 0 0 0 0 0 0 0 0 0 0 0 0 0 0 0 0 0 0 0 0 0 0 0 0 0 0 0 0 0 0 0 0 0 0 0 0 0 0 0 0 0 0 0 0 0 0 0 0 0 0 0 0 0 0 0 0 0 0 0 0 0 0 0 0 0 0 0 0 0 0 0 0 0 0 0 0 0 0 0 0 0 0 0 0 0 0 0 0 0 0 0 0 0 0
MR ctyinda 38 0 0 0 0 0 0 0 0 0 0 0 0 0 0 0 0 0 0 0 0 0 0 0 0 0 0 0 0 0 0 0 0 0 0 0 0 0 0 0 0 0 0 0 0 0 0 0 0 0 0 0 0 0 0 0 0 0 0 0 0 0 0 0 0 0 0 0 0 0 0 0 0 0 0 0 0 0 0 0 0 0 0 0 0 0 0 0 0 0 0 0 0 0 0 0 0 0 0 0 0 0 0 0 0 0 0 0 0 0 0
MR ctyinda 39 0 0 0 0 0 0 0 0 0 0 0 0 0 0 0 0 0 0 0 0 0 0 0 0 0 0 0 0 0 0 0 0 0 0 0 0 0 0 0 0 0 0 0 0 0 0 0 0 0 0 0 0 0 0 0 0 0 0 0 0 0 0 0 0 0 0 0 0 0 0 0 0 0 0 0 0 0 0 0 0 0 0 0 0 0 0 0 0 0 0 0 0 0 0 0 0 0 0 0 0 0 0 0 0 0 0 0 0 0 0
MR ctyinda 40 0 0 0 0 0 0 0 0 0 0 0 0 0 0 0 0 0 0 0 0 0 0 0 0 0 0 0 0 0 0 0 0 0 0 0 0 0 0 0 0 0 0 0 0 0 0 0 0 0 0 0 0 0 0 0 0 0 0 0 0 0 0 0 0 0 0 0 0 0 0 0 0 0 0 0 0 0 0 0 0 0 0 0 0 0 0 0 0 0 0 0 0 0 0 0 0 0 0 0 0 0 0 0 0 0 0 0 0 0 0
MR ctyinda 41 0 0 0 0 0 0 0 0 0 0 0 0 0 0 0 0 0 0 0 0 0 0 0 0 0 0 0 0 0 0 0 0 0 0 0 0 0 0 0 0 0 0 0 0 0 0 0 0 0 0 0 0 0 0 0 0 0 0 0 0 0 0 0 0 0 0 0 0 0 0 0 0 0 0 0 0 0 0 0 0 0 0 0 0 0 0 0 0 0 0 0 0 0 0 0 0 0 0 0 0 0 0 0 0 0 0 0 0 0 0
MR ctyinda 42 0 0 0 0 0 0 0 0 0 0 0 0 0 0 0 0 0 0 0 0 0 0 0 0 0 0 0 0 0 0 0 0 0 0 0 0 0 0 0 0 0 0 0 0 0 0 0 0 0 0 0 0 0 0 0 0 0 0 0 0 0 0 0 0 0 0 0 0 0 0 0 0 0 0 0 0 0 0 0 0 0 0 0 0 0 0 0 0 0 0 0 0 0 0 0 0 0 0 0 0 0 0 0 0 0 0 0 0 0 0
MR ctyinda 43 0 0 0 0 0 0 0 0 0 0 0 0 0 0 0 0 0 0 0 0 0 0 0 0 0 0 0 0 0 0 0 0 0 0 0 0 0 0 0 0 0 0 0 0 0 0 0 0 0 0 0 0 0 0 0 0 0 0 0 0 0 0 0 0 0 0 0 0 0 0 0 0 0 0 0 0 0 0 0 0 0 0 0 0 0 0 0 0 0 0 0 0 0 0 0 0 0 0 0 0 0 0 0 0 0 0 0 0 0 0
MR ctyinda 44 0 0 0 0 0 0 0 0 0 0 0 0 0 0 0 0 0 0 0 0 0 0 0 0 0 0 0 0 0 0 0 0 0 0 0 0 0 0 0 0 0 0 0 0 0 0 0 0 0 0 0 0 0 0 0 0 0 0 0 0 0 0 0 0 0 0 0 0 0 0 0 0 0 0 0 0 0 0 0 0 0 0 0 0 0 0 0 0 0 0 0 0 0 0 0 0 0 0 0 0 0 0 0 0 0 0 0 0 0 0
MR ctyinda 45 0 0 0 0 0 0 0 0 0 0 0 0 0 0 0 0 0 0 0 0 0 0 0 0 0 0 0 0 0 0 0 0 0 0 0 0 0 0 0 0 0 0 0 0 0 0 0 0 0 0 0 0 0 0 0 0 0 0 0 0 0 0 0 0 0 0 0 0 0 0 0 0 0 0 0 0 0 0 0 0 0 0 0 0 0 0 0 0 0 0 0 0 0 0 0 0 0 0 0 0 0 0 0 0 0 0 0 0 0 0
MR ctyinda 46 0 0 0 0 0 0 0 0 0 0 0 0 0 0 0 0 0 0 0 0 0 0 0 0 0 0 0 0 0 0 0 0 0 0 0 0 0 0 0 0 0 0 0 0 0 0 0 0 0 0 0 0 0 0 0 0 0 0 0 0 0 0 0 0 0 0 0 0 0 0 0 0 0 0 0 0 0 0 0 0 0 0 0 0 0 0 0 0 0 0 0 0 0 0 0 0 0 0 0 0 0 0 0 0 0 0 0 0 0 0
MR ctyinda 47 0 0 0 0 0 0 0 0 0 0 0 0 0 0 0 0 0 0 0 0 0 0 0 0 0 0 0 0 0 0 0 0 0 0 0 0 0 0 0 0 0 0 0 0 0 0 0 0 0 0 0 0 0 0 0 0 0 0 0 0 0 0 0 0 0 0 0 0 0 0 0 0 0 0 0 0 0 0 0 0 0 0 0 0 0 0 0 0 0 0 0 0 0 0 0 0 0 0 0 0 0 0 0 0 0 0 0 0 0 0
MR ctyinda 48 0 0 0 0 0 0 0 0 0 0 0 0 0 0 0 0 0 0 0 0 0 0 0 0 0 0 0 0 0 0 0 0 0 0 0 0 0 0 0 0 0 0 0 0 0 0 0 0 0 0 0 0 0 0 0 0 0 0 0 0 0 0 0 0 0 0 0 0 0 0 0 0 0 0 0 0 0 0 0 0 0 0 0 0 0 0 0 0 0 0 0 0 0 0 0 0 0 0 0 0 0 0 0 0 0 0 0 0 0 0
MSEND ctyinda 586
MS ctyindb 44 20 33 32
MR ctyindb 0 0 0 0 0 0 0 0 0 0 0 0 0 0 0 0 0 0 0 0 0 0 0 0 0 0 0 0 0 0 0 0 0 0
MR ctyindb 1 0 0 0 0 0 0 0 0 0 0 0 0 0 0 0 0 0 0 0 0 0 0 0 0 0 77 0 0 0 0 0 0 0
MR ctyindb 2 0 0 0 0 0 0 0 0 0 0 0 0 0 0 0 0 0 0 0 0 0 0 0 0 0 70 0 0 0 0 0 0 0
MR ctyindb 3 0 0 0 0 0 0 0 0 0 0 0 0 0 0 0 0 0 0 0 0 0 0 0 0 0 70 0 0 0 0 0 0 0
MR ctyindb 4 0 0 0 0 0 0 0 0 0 0 0 0 0 0 69 70 70 70 70 70 69 69 69 69 69 69 69 69 69 69 69 0 0
MR ctyindb 5 0 0 0 0 0 0 0 0 0 0 0 0 0 0 69 78 77 75 72 70 69 69 69 69 69 69 70 69 69 69 69 0 0
MR ctyindb 6 0 0 0 0 0 0 0 0 0 0 0 0 0 0 69 78 69 69 69 69 69 69 69 69 69 69 69 69 69 69 69 0 0
MR ctyindb 7 0 0 0 0 0 0 0 0 0 0 0 0 0 0 69 78 70 69 69 69 69 69 69 69 70 69 69 69 69 69 69 0 0
MR ctyindb 8 0 0 0 0 0 0 0 0 0 0 0 0 0 0 69 78 69 69 69 69 69 69 69 69 69 69 69 69 83 69 69 0 0
MR ctyindb 9 0 0 0 0 0 0 0 0 0 0 0 0 0 0 69 78 69 69 69 69 69 69 69 70 69 69 69 69 83 69 69 0 0
MR ctyindb 10 0 0 0 0 0 0 0 0 0 0 0 0 0 0 69 70 69 69 69 69 69 69 69 69 69 69 69 69 83 69 69 0 0
MR ctyindb 11 0 0 0 0 0 0 0 0 0 0 0 0 0 0 69 75 78 78 78 78 78 69 69 69 69 69 69 69 83 69 69 0 0
MR ctyindb 12 0 0 0 0 0 0 0 0 0 0 0 0 0 0 69 69 70 69 69 69 69 69 69 69 69 80 70 77 69 69 69 0 0
MR ctyindb 13 0 0 0 0 0 0 0 0 0 0 0 0 0 0 69 93 70 69 69 69 70 69 70 85 69 69 69 69 69 69 69 0 0
MR ctyindb 14 0 0 0 0 0 0 0 0 0 0 0 0 0 0 69 70 69 69 80 69 69 70 69 84 84 84 84 69 69 69 69 0 0
MR ctyindb 15 0 0 0 0 0 0 0 0 0 0 0 0 0 0 69 70 70 69 69 69 69 70 69 69 69 69 69 70 69 69 69 0 0
MR ctyindb 16 0 0 0 0 0 0 0 0 0 0 0 0 0 0 69 70 78 78 78 78 78 78 78 78 78 69 69 69 69 69 69 0 0
MR ctyindb 17 0 0 69 69 69 69 69 69 69 69 69 69 69 69 69 69 69 69 69 69 69 69 69 69 69 69 69 69 69 69 69 0 0
MR ctyindb 18 0 0 69 69 69 69 69 69 69 69 69 69 69 69 69 69 69 69 69 69 69 69 69 69 69 69 69 69 69 69 69 0 0
MR ctyindb 19 0 0 69 69 69 69 69 69 70 69 78 78 78 78 78 78 78 78 78 78 78 78 78 78 78 69 69 69 69 69 69 0 0
MR ctyindb 20 0 0 69 69 69 69 69 69 69 69 69 69 70 69 69 69 69 69 69 69 69 69 69 69 69 69 69 69 69 69 69 0 0
MR ctyindb 21 0 0 69 69 69 69 69 69 69 69 69 69 69 69 69 0 0 0 69 69 69 69 69 69 69 69 69 69 69 69 69 0 0
MR ctyindb 22 0 0 69 69 69 69 69 69 69 70 69 69 69 69 69 0 0 0 69 69 69 69 69 69 69 69 69 69 69 69 69 0 0
MR ctyindb 23 0 0 69 69 69 69 69 69 69 69 83 69 69 69 69 0 0 0 69 69 69 69 69 69 69 69 69 69 69 69 69 0 0
MR ctyindb 24 0 0 69 69 69 69 69 69 69 69 83 69 69 69 69 0 0 0 69 69 69 69 69 69 69 69 69 69 69 69 69 0 0
MR ctyindb 25 0 0 69 69 69 69 70 72 75 77 83 69 69 69 69 0 0 0 0 0 0 0 0 0 0 0 0 0 0 0 0 0 0
MR ctyindb 26 0 0 69 69 69 69 69 69 69 69 83 69 69 69 69 0 0 0 0 0 0 0 0 0 0 0 0 0 0 0 0 0 0
MR ctyindb 27 0 0 69 69 69 69 69 69 69 69 69 69 69 69 69 0 0 0 0 0 0 0 0 0 0 0 0 0 0 0 0 0 0
MR ctyindb 28 0 0 69 69 69 69 69 69 69 69 69 69 69 69 69 0 0 0 0 0 0 0 0 0 0 0 0 0 0 0 0 0 0
MR ctyindb 29 0 0 0 0 0 0 0 0 70 70 70 0 0 0 0 0 0 0 0 0 0 0 0 0 0 0 0 0 0 0 0 0 0
MR ctyindb 30 0 0 0 0 0 0 0 0 0 0 70 0 0 0 0 0 0 0 0 0 0 0 0 0 0 0 0 0 0 0 0 0 0
MR ctyindb 31 0 0 0 0 0 0 0 0 0 0 0 0 0 0 0 0 0 0 0 0 0 0 0 0 0 0 0 0 0 0 0 0 0
MSEND ctyindb 500
MS ctysluma 43 -7 33 34
MR ctysluma 0 0 0 0 69 0 0 0 0 0 0 0 0 0 0 0 0 0 0 0 0 0 0 0 0 0 0 0 0 0 0 0 0 0
MR ctysluma 1 0 0 0 69 69 0 0 0 0 0 0 0 0 0 0 0 0 0 0 0 0 0 0 0 0 0 0 0 0 0 0 0 0
MR ctysluma 2 0 0 0 69 69 69 87 0 0 0 0 0 0 0 0 0 0 0 0 0 0 0 0 0 0 0 0 0 0 0 0 0 0
MR ctysluma 3 0 0 0 69 69 69 86 87 0 0 0 0 0 0 0 0 0 0 0 0 0 0 0 0 0 0 0 0 0 0 0 0 0
MR ctysluma 4 0 0 0 0 69 69 69 86 0 0 0 0 0 0 0 0 0 0 0 0 0 0 0 0 0 0 0 0 0 0 0 0 0
MR ctysluma 5 0 0 0 0 0 69 69 69 75 0 0 0 0 0 0 0 0 0 0 0 0 0 0 0 0 0 0 0 0 0 0 0 0
MR ctysluma 6 0 0 0 0 87 81 69 69 69 0 0 0 0 0 0 0 0 0 0 0 0 0 0 0 0 0 0 0 0 0 0 0 0
MR ctysluma 7 0 0 0 0 0 87 69 69 69 69 72 0 0 0 0 0 0 0 0 0 0 0 0 0 0 0 0 0 0 0 0 0 0
MR ctysluma 8 0 0 0 0 0 80 69 69 69 69 69 0 0 0 0 0 0 0 0 0 0 0 0 0 0 0 0 0 0 0 0 0 0
MR ctysluma 9 0 0 0 0 0 80 69 69 77 76 69 69 0 0 0 0 0 0 0 0 0 0 0 0 0 0 0 0 0 0 0 0 0
MR ctysluma 10 0 0 0 0 0 79 69 69 78 77 69 0 0 0 0 0 0 0 0 0 0 0 0 0 0 0 0 0 0 0 0 0 0
MR ctysluma 11 0 0 0 0 0 0 69 69 77 69 69 69 0 0 0 0 0 0 0 0 0 0 0 0 0 0 0 0 0 0 0 0 0
MR ctysluma 12 0 0 0 0 0 0 69 69 69 69 69 69 0 0 0 0 0 0 0 0 0 0 0 0 0 0 0 0 0 0 0 0 0
MR ctysluma 13 0 0 0 0 0 0 86 86 86 69 69 69 86 87 0 0 0 0 0 0 0 69 69 69 69 69 69 86 86 0 0 0 0
MR ctysluma 14 0 0 0 0 0 0 0 0 0 71 69 69 69 69 86 0 0 0 0 0 0 82 69 69 69 69 69 0 0 0 0 0 0
MR ctysluma 15 0 0 0 0 0 0 0 90 0 0 86 69 69 69 69 69 69 69 69 69 69 69 69 69 69 69 69 0 82 69 0 0 0
MR ctysluma 16 0 0 0 0 0 90 89 69 90 0 0 0 86 69 69 69 69 69 69 69 69 69 69 69 69 69 69 69 69 69 0 0 0
MR ctysluma 17 0 0 0 69 69 73 69 69 69 69 69 81 86 86 69 69 69 69 69 77 76 69 69 69 69 69 69 69 69 69 69 0 0
MR ctysluma 18 0 0 0 69 69 72 68 68 69 69 69 69 85 0 0 69 69 69 69 69 69 69 69 69 69 69 69 69 69 69 78 0 0
MR ctysluma 19 0 0 0 69 69 69 69 69 69 69 69 69 69 86 0 69 69 69 69 69 69 69 69 69 69 69 69 69 69 69 77 87 0
MR ctysluma 20 0 0 0 0 69 69 69 69 69 69 69 69 69 69 69 69 69 69 69 69 69 69 69 69 69 82 69 69 69 69 86 0 0
MR ctysluma 21 0 0 0 0 69 69 69 69 69 69 69 69 69 69 69 69 69 69 69 70 69 69 69 69 69 0 0 69 69 69 86 0 0
MR ctysluma 22 0 0 0 0 69 69 69 82 69 69 68 69 69 69 69 69 69 69 69 70 69 69 69 69 69 0 0 69 69 83 0 0 0
MR ctysluma 23 0 0 0 0 69 69 69 82 69 69 69 69 69 81 0 0 89 0 69 70 69 69 90 0 0 0 0 69 69 81 0 0 0
MR ctysluma 24 0 0 0 0 69 69 69 81 69 69 69 69 79 77 69 69 69 76 69 69 69 69 0 82 82 69 86 69 69 69 0 0 0
MR ctysluma 25 0 0 0 0 69 69 69 79 69 69 69 69 70 70 69 69 70 70 69 69 86 69 69 86 69 69 69 69 69 0 0 0 0
MR ctysluma 26 0 0 0 0 69 69 69 69 69 68 69 69 69 70 69 69 70 70 69 85 86 69 69 68 69 69 69 69 69 0 0 0 0
MR ctysluma 27 0 0 0 69 69 69 69 69 69 69 69 69 69 69 69 69 69 69 69 85 69 69 69 69 69 69 69 69 69 0 0 0 0
MR ctysluma 28 0 0 0 87 69 69 69 69 69 69 69 69 69 69 69 69 69 69 69 69 69 69 69 69 69 69 69 89 0 0 0 0 0
MR ctysluma 29 0 0 0 0 69 69 69 69 70 69 69 69 69 69 69 69 69 69 69 69 70 77 82 86 69 69 69 0 0 0 0 0 0
MR ctysluma 30 0 0 0 0 87 87 87 0 0 73 81 86 86 70 70 81 70 70 70 71 78 82 0 86 85 69 69 0 0 0 0 0 0
MR ctysluma 31 0 0 0 0 0 0 0 0 0 0 0 0 0 0 0 0 0 81 70 0 0 0 0 0 86 0 0 0 0 0 0 0 0
MR ctysluma 32 0 0 0 0 85 0 0 0 0 0 0 0 0 0 0 0 0 0 0 0 0 0 0 0 0 0 0 0 0 0 0 0 0
MR ctysluma 33 0 0 0 0 0 0 0 0 0 0 0 0 0 0 0 0 0 0 0 0 0 0 0 0 0 0 0 0 0 0 0 0 0
MSEND ctysluma 482
MS ctyslumb 21 -29 30 31
MR ctyslumb 0 0 0 0 0 0 0 0 0 0 0 0 0 0 0 0 0 0 0 0 0 0 0 0 0 0 0 0 0 0 0
MR ctyslumb 1 0 0 0 90 0 0 0 0 0 0 0 0 0 0 0 0 0 0 0 0 0 0 0 0 0 0 0 0 0 0
MR ctyslumb 2 0 0 0 90 0 66 66 66 90 0 0 0 0 0 0 0 0 0 0 0 0 0 0 0 0 0 0 0 0 0
MR ctyslumb 3 0 0 0 90 0 66 66 66 90 0 0 0 0 0 69 69 69 69 69 69 69 67 0 0 67 0 77 0 0 0
MR ctyslumb 4 0 0 0 67 67 66 66 75 90 0 0 0 0 77 77 87 87 87 88 88 87 87 87 66 66 88 70 0 0 0
MR ctyslumb 5 0 0 0 66 66 66 66 0 90 0 0 0 0 67 66 66 66 66 66 66 66 66 66 66 66 0 92 0 0 0
MR ctyslumb 6 0 0 0 77 0 66 66 0 88 87 69 69 87 66 66 0 88 92 67 66 92 90 87 66 66 0 92 0 0 0
MR ctyslumb 7 0 0 0 90 0 66 66 66 66 66 66 66 66 66 66 92 90 0 0 0 0 0 69 66 66 0 84 0 0 0
MR ctyslumb 8 0 0 0 90 0 66 66 66 66 66 66 66 66 66 66 92 0 0 0 0 0 0 69 66 66 0 84 0 0 0
MR ctyslumb 9 0 0 0 90 87 69 69 87 67 87 87 67 87 66 66 84 0 0 0 0 0 0 69 66 66 0 92 0 0 0
MR ctyslumb 10 0 0 0 0 0 0 0 0 0 0 0 0 92 66 66 84 90 0 0 0 0 0 88 66 66 66 66 66 0 0
MR ctyslumb 11 0 0 0 0 0 0 0 0 0 0 0 0 91 66 66 0 87 69 69 67 69 88 77 66 66 0 92 0 0 0
MR ctyslumb 12 0 0 0 0 0 0 0 0 0 0 0 0 91 66 66 0 0 0 66 0 0 0 0 66 66 0 92 0 0 0
MR ctyslumb 13 0 0 0 0 0 0 0 0 0 0 0 0 92 66 66 0 0 67 66 66 65 66 66 66 66 0 84 0 0 0
MR ctyslumb 14 0 0 0 0 0 0 0 0 0 77 90 66 92 66 66 0 66 66 66 66 66 66 66 66 0 0 92 0 0 0
MR ctyslumb 15 0 0 0 0 0 0 0 0 77 0 0 66 66 66 66 66 66 66 66 66 0 0 66 74 74 0 92 77 0 0
MR ctyslumb 16 0 0 77 0 90 66 90 75 0 0 0 66 67 66 66 67 66 66 66 66 88 90 90 90 90 90 90 0 77 0
MR ctyslumb 17 0 0 0 92 77 66 66 66 66 66 66 66 66 88 69 0 0 90 66 66 90 0 0 0 0 0 0 0 0 0
MR ctyslumb 18 0 0 0 92 0 66 66 66 66 66 66 66 66 88 69 0 0 90 66 66 90 0 0 0 0 0 0 0 0 0
MR ctyslumb 19 0 0 0 92 0 66 67 92 92 90 0 66 66 88 67 0 0 90 66 66 90 0 0 0 0 0 0 0 0 0
MR ctyslumb 20 0 0 0 92 0 66 66 0 0 90 0 66 66 88 69 0 0 90 66 66 67 0 0 0 0 0 0 0 0 0
MR ctyslumb 21 0 0 0 92 0 66 90 0 0 90 0 66 0 88 69 0 0 90 66 66 90 0 0 0 0 0 0 0 0 0
MR ctyslumb 22 0 0 0 92 0 66 90 0 0 90 0 66 66 92 0 0 0 92 66 66 90 0 0 0 0 0 0 0 0 0
MR ctyslumb 23 0 0 0 92 0 66 90 90 90 90 0 66 66 66 0 0 0 0 66 66 90 0 69 70 70 70 0 0 0 0
MR ctyslumb 24 0 0 0 69 0 66 0 0 66 66 0 66 0 93 0 0 0 66 67 66 90 0 69 69 69 70 0 0 0 0
MR ctyslumb 25 0 0 0 71 67 66 67 67 66 66 67 66 0 93 0 0 0 0 66 66 90 0 87 66 66 0 0 0 0 0
MR ctyslumb 26 0 0 0 69 66 66 66 66 66 66 66 66 0 93 0 0 0 0 66 66 0 76 90 66 66 0 0 0 0 0
MR ctyslumb 27 0 0 0 71 0 0 0 0 67 66 65 0 0 92 0 0 0 92 67 66 66 66 66 66 66 0 0 0 0 0
MR ctyslumb 28 0 0 0 84 84 92 92 92 66 93 66 93 92 92 0 0 0 92 92 92 84 84 92 66 66 0 0 0 0 0
MR ctyslumb 29 0 0 0 0 0 0 0 0 0 0 0 0 0 0 0 0 0 0 0 0 0 0 0 0 0 0 0 0 0 0
MR ctyslumb 30 0 0 0 0 0 0 0 0 0 0 0 0 0 0 0 0 0 0 0 0 0 0 0 0 0 0 0 0 0 0
MSEND ctyslumb 397
MS ctyslumc 22 -50 27 26
MR ctyslumc 0 0 0 0 0 0 0 0 0 0 0 0 0 0 0 0 0 0 0 0 0 0 0 0 0 0 0 0
MR ctyslumc 1 0 0 0 0 0 0 0 0 0 0 0 0 0 0 0 0 0 0 0 0 0 0 0 0 0 0 0
MR ctyslumc 2 0 0 0 0 0 0 0 0 0 0 0 0 0 0 0 0 0 0 0 0 0 0 0 0 0 0 0
MR ctyslumc 3 0 0 90 90 77 90 87 79 87 90 90 90 90 90 90 90 70 79 87 90 90 90 90 0 0 0 0
MR ctyslumc 4 0 0 91 66 66 66 66 66 66 66 66 66 66 66 66 66 66 66 66 66 66 66 90 0 0 0 0
MR ctyslumc 5 0 0 90 66 66 66 66 66 66 66 66 66 66 66 66 66 66 66 66 66 66 66 90 0 0 0 0
MR ctyslumc 6 0 0 77 66 66 89 90 90 90 90 90 67 67 90 90 90 90 90 90 90 66 67 90 0 0 0 0
MR ctyslumc 7 0 0 77 66 66 90 0 0 0 0 0 90 90 0 0 0 0 0 0 90 66 67 90 0 0 0 0
MR ctyslumc 8 0 0 90 66 66 90 0 0 0 0 0 0 90 90 90 90 0 0 0 90 66 66 90 0 0 0 0
MR ctyslumc 9 0 0 90 66 66 90 0 0 0 0 0 0 90 0 0 88 0 0 0 90 66 66 90 0 0 0 0
MR ctyslumc 10 0 0 90 66 66 89 90 67 0 0 67 90 67 67 0 88 90 90 90 90 66 67 88 90 90 0 0
MR ctyslumc 11 0 0 90 66 66 66 66 66 66 66 66 66 66 66 66 66 66 66 66 66 66 66 66 66 66 0 0
MR ctyslumc 12 0 0 90 66 66 0 0 0 0 0 0 0 66 66 0 0 0 0 66 0 0 0 66 66 90 0 0
MR ctyslumc 13 0 0 70 0 67 0 0 90 90 88 0 0 67 67 0 0 0 67 66 70 0 0 66 66 90 0 0
MR ctyslumc 14 0 0 0 0 0 0 0 0 0 67 67 67 67 67 67 67 0 78 0 0 0 0 66 66 90 0 0
MR ctyslumc 15 0 0 0 0 0 0 0 0 0 66 66 67 67 67 67 66 66 67 67 89 88 67 66 66 90 0 0
MR ctyslumc 16 0 0 0 0 90 92 89 0 0 89 0 66 67 67 67 0 0 67 0 0 90 90 66 66 90 0 0
MR ctyslumc 17 0 0 90 90 75 67 90 74 90 88 0 0 66 66 0 0 0 82 0 0 0 90 66 66 87 0 0
MR ctyslumc 18 0 0 90 0 66 66 66 66 66 66 66 66 66 66 66 66 66 82 0 0 0 90 66 66 87 0 0
MR ctyslumc 19 0 0 90 0 66 66 66 66 66 66 66 66 66 66 66 66 66 76 0 90 0 90 66 66 90 0 0
MR ctyslumc 20 0 0 77 0 66 66 0 0 77 69 66 69 69 67 0 66 0 0 0 89 90 88 66 66 90 0 0
MR ctyslumc 21 0 0 66 66 66 66 0 89 89 88 0 0 0 0 66 66 66 66 66 66 66 66 66 66 90 0 0
MR ctyslumc 22 0 0 67 68 66 66 0 90 0 90 88 0 0 0 66 66 66 66 66 66 66 66 66 66 90 0 0
MR ctyslumc 23 0 0 78 0 0 0 79 90 0 0 92 0 88 89 92 92 92 92 92 90 90 92 92 92 90 92 0
MR ctyslumc 24 0 0 0 0 0 0 0 0 0 0 92 0 88 0 0 0 0 0 0 0 0 0 0 0 90 0 0
MR ctyslumc 25 0 0 0 0 0 0 0 0 0 0 0 0 0 0 0 0 0 0 0 0 0 0 0 0 0 0 0
MSEND ctyslumc 349
MS ctygenb 2 -31 26 35
MR ctygenb 0 0 0 0 0 0 0 0 0 0 0 0 0 0 0 0 0 0 0 0 0 0 0 0 0 0 0
MR ctygenb 1 0 0 0 0 0 0 0 0 0 0 0 0 0 0 0 0 0 0 0 0 0 0 0 0 0 0
MR ctygenb 2 0 0 0 0 0 0 0 0 0 0 0 0 0 0 0 0 0 0 0 0 0 0 0 0 0 0
MR ctygenb 3 0 0 0 0 0 0 0 0 0 0 0 0 0 0 0 0 0 0 0 0 70 0 0 0 0 0
MR ctygenb 4 0 0 0 0 0 0 0 0 0 0 0 0 0 0 0 0 0 0 0 0 72 0 0 0 0 0
MR ctygenb 5 0 0 0 0 0 0 0 0 0 0 0 0 0 0 0 0 0 0 0 0 75 0 0 0 0 0
MR ctygenb 6 0 0 0 0 0 0 0 0 0 0 0 0 0 0 0 0 0 0 0 0 77 86 0 0 0 0
MR ctygenb 7 0 0 0 0 0 0 0 0 0 0 0 0 0 0 0 0 0 0 0 69 69 69 69 0 0 0
MR ctygenb 8 0 0 0 0 0 0 0 0 0 0 0 0 0 0 0 0 0 0 0 69 70 69 69 0 0 0
MR ctygenb 9 0 0 0 0 0 0 0 0 0 0 0 0 0 0 0 0 0 0 69 69 69 69 69 0 0 0
MR ctygenb 10 0 0 0 0 0 0 0 0 0 0 0 70 70 70 70 69 69 69 70 70 69 69 69 0 0 0
MR ctygenb 11 0 0 0 70 70 70 70 69 69 69 69 70 70 70 70 69 69 69 69 69 67 69 0 0 0 0
MR ctygenb 12 0 0 0 70 70 70 70 69 69 69 69 70 70 70 70 69 69 69 69 69 70 69 0 0 0 0
MR ctygenb 13 0 0 0 70 70 70 70 69 69 69 69 70 70 70 70 69 69 69 69 69 0 69 0 0 0 0
MR ctygenb 14 0 0 0 70 70 70 70 69 69 69 69 69 0 65 0 81 69 69 69 74 74 69 0 0 0 0
MR ctygenb 15 0 0 0 0 0 76 0 0 70 0 0 0 0 77 76 81 0 70 0 71 74 69 0 0 0 0
MR ctygenb 16 0 0 0 0 69 69 69 69 69 69 69 70 74 61 0 0 69 69 69 69 69 69 0 0 0 0
MR ctygenb 17 0 0 69 69 69 69 70 70 70 70 69 69 69 69 70 70 70 70 70 70 70 70 0 0 0 0
MR ctygenb 18 0 0 69 69 69 69 70 70 70 70 69 69 69 69 70 70 70 70 70 70 70 70 0 0 0 0
MR ctygenb 19 0 0 69 69 69 69 70 70 70 70 69 69 0 0 70 70 70 70 70 70 70 70 0 0 0 0
MR ctygenb 20 0 0 69 69 69 69 70 70 70 70 69 69 0 71 70 70 70 70 70 70 70 70 0 0 0 0
MR ctygenb 21 0 0 0 69 69 69 70 69 69 69 70 70 70 70 69 69 69 69 69 69 69 69 0 0 0 0
MR ctygenb 22 0 0 0 0 69 70 69 69 69 69 70 70 70 70 69 69 69 69 69 69 69 69 0 0 0 0
MR ctygenb 23 0 0 0 69 69 69 73 69 70 69 70 70 70 70 69 69 69 69 69 69 69 69 0 0 0 0
MR ctygenb 24 0 0 0 69 70 69 71 69 69 69 70 70 70 70 69 69 69 69 69 69 69 69 0 0 0 0
MR ctygenb 25 0 0 69 69 69 69 69 69 69 69 69 69 69 69 70 70 70 70 70 70 70 70 75 0 0 0
MR ctygenb 26 0 0 69 69 69 69 69 69 69 69 69 69 69 69 70 70 70 70 70 70 70 70 0 0 0 0
MR ctygenb 27 0 0 69 71 69 69 69 69 70 69 69 69 69 69 70 70 70 70 70 70 70 70 70 0 0 0
MR ctygenb 28 0 0 69 69 69 69 69 69 69 69 69 69 69 69 70 70 70 70 70 70 70 70 0 0 0 0
MR ctygenb 29 0 0 0 75 69 69 69 69 69 69 0 0 0 0 0 0 0 0 70 70 70 70 0 0 0 0
MR ctygenb 30 0 0 0 0 0 0 0 0 0 0 0 0 0 0 0 0 0 0 70 70 70 70 0 0 0 0
MR ctygenb 31 0 0 0 0 0 0 0 0 0 0 0 0 0 0 0 0 0 0 70 70 70 70 0 0 0 0
MR ctygenb 32 0 0 0 0 0 0 0 0 0 0 0 0 0 0 0 0 0 0 70 70 70 70 0 0 0 0
MR ctygenb 33 0 0 0 0 0 0 0 0 0 0 0 0 0 0 0 0 0 0 0 0 0 0 0 0 0 0
MR ctygenb 34 0 0 0 0 0 0 0 0 0 0 0 0 0 0 0 0 0 0 0 0 0 0 0 0 0 0
MSEND ctygenb 385
MS stadium -1 -51 28 34
MR stadium 0 0 0 0 0 0 0 0 0 0 0 0 0 0 0 0 0 0 0 0 0 0 0 0 0 0 0 0 0
MR stadium 1 0 0 0 0 0 0 0 0 0 0 0 0 0 0 0 0 0 0 0 0 0 0 0 0 0 0 0 0
MR stadium 2 0 0 0 0 0 0 0 0 0 0 84 0 71 71 0 77 78 0 0 0 85 0 69 79 0 0 0 0
MR stadium 3 0 0 0 0 0 0 79 0 0 72 73 72 71 71 70 72 73 70 70 80 76 69 70 73 0 0 0 0
MR stadium 4 0 0 86 84 71 0 90 79 84 71 71 71 71 66 64 64 70 67 67 70 70 69 69 69 70 0 0 0
MR stadium 5 0 0 72 72 71 71 72 0 87 74 71 71 65 42 41 46 64 64 63 66 67 72 70 69 69 0 0 0
MR stadium 6 0 0 0 72 72 71 71 71 72 91 81 57 47 0 26 26 22 34 61 63 71 71 70 69 69 0 0 0
MR stadium 7 0 0 0 0 72 0 72 71 71 72 66 49 48 50 38 34 24 0 34 41 39 48 67 69 69 69 0 0
MR stadium 8 0 0 0 0 0 0 72 69 64 57 50 0 61 71 64 50 27 87 85 0 35 34 66 69 69 69 0 0
MR stadium 9 0 0 0 0 0 0 0 0 72 71 36 0 54 71 69 67 92 28 41 63 45 63 65 68 69 71 0 0
MR stadium 10 0 0 0 0 0 0 0 0 72 72 42 84 0 70 71 71 93 89 64 64 64 63 71 71 71 0 0 0
MR stadium 11 0 0 0 0 0 0 0 0 0 0 66 39 0 71 71 72 94 92 89 64 64 63 64 71 0 0 0 0
MR stadium 12 0 0 0 0 0 0 0 0 0 72 72 44 0 56 71 72 96 93 90 64 63 63 64 67 0 0 0 0
MR stadium 13 0 0 0 0 0 0 0 0 0 0 72 55 36 38 71 76 95 93 91 63 63 64 64 66 0 0 0 0
MR stadium 14 0 0 0 0 0 0 0 0 0 0 0 71 71 72 73 84 96 94 91 48 44 63 64 66 80 0 0 0
MR stadium 15 0 0 0 0 0 0 0 0 0 0 0 71 72 72 80 97 97 96 96 41 40 52 64 67 84 0 0 0
MR stadium 16 0 0 0 0 0 0 0 0 0 0 72 71 71 72 73 99 99 98 64 64 64 64 64 67 0 0 0 0
MR stadium 17 0 0 0 0 0 0 0 0 0 72 72 71 71 71 100 99 98 96 95 64 63 63 64 70 0 0 0 0
MR stadium 18 0 0 0 0 0 0 0 0 0 0 72 74 71 71 100 99 98 96 65 66 64 63 66 73 0 0 0 0
MR stadium 19 0 0 0 0 0 0 0 0 72 72 71 72 72 90 100 99 97 96 64 64 64 63 71 71 71 0 0 0
MR stadium 20 0 0 0 0 0 0 0 0 72 71 71 71 72 75 100 99 97 96 63 63 63 64 67 70 71 76 84 0
MR stadium 21 0 0 0 0 0 0 72 72 72 72 71 71 71 58 98 98 98 96 63 63 63 64 66 69 70 71 84 0
MR stadium 22 0 0 0 0 72 0 72 72 72 0 71 72 59 35 24 27 21 64 64 64 63 64 67 69 70 69 0 0
MR stadium 23 0 0 0 72 72 71 72 72 72 0 81 55 16 16 0 0 0 29 45 63 71 71 69 69 69 69 0 0
MR stadium 24 0 0 71 71 71 71 72 0 0 0 77 61 25 0 0 0 0 24 27 64 63 71 69 69 70 0 0 0
MR stadium 25 0 0 86 85 0 0 0 0 0 0 0 4 32 20 12 40 67 39 41 54 0 0 0 70 70 0 0 0
MR stadium 26 0 0 0 0 0 0 0 0 0 0 0 60 25 46 58 57 61 60 75 84 0 0 0 0 0 0 0 0
MR stadium 27 0 0 0 0 0 0 0 0 0 0 0 0 61 0 0 0 0 0 0 0 85 0 0 0 0 0 0 0
MR stadium 28 0 0 0 0 0 0 0 0 0 0 0 0 0 0 0 0 0 0 0 0 0 0 0 0 0 0 0 0
MR stadium 29 0 0 0 0 0 0 0 0 0 0 0 0 0 0 0 0 0 0 0 0 0 0 0 0 0 0 0 0
MR stadium 30 0 0 0 0 0 0 0 0 0 0 0 0 0 0 0 0 0 0 0 0 0 0 0 0 0 0 0 0
MR stadium 31 0 0 0 0 0 0 0 0 0 0 0 0 0 0 0 0 0 0 0 0 0 0 0 0 0 0 0 0
MR stadium 32 0 0 0 0 0 0 0 0 0 0 0 0 0 0 0 0 0 0 0 0 0 0 0 0 0 0 0 0
MR stadium 33 0 0 0 0 0 0 0 0 0 0 0 0 0 0 0 0 0 0 0 0 0 0 0 0 0 0 0 0
MSEND stadium 408
MS mhcitya -31 53 37 27
MR mhcitya 0 0 0 0 0 0 0 0 0 0 0 0 0 0 0 0 0 0 0 0 0 0 0 0 0 0 0 0 0 0 0 0 0 0 0 0 0 0
MR mhcitya 1 0 0 0 0 0 0 0 0 0 0 0 0 0 0 0 0 0 0 0 0 0 0 0 0 0 0 0 91 0 0 77 0 0 0 0 0 0
MR mhcitya 2 0 0 73 74 75 77 70 71 69 70 70 70 72 70 0 0 0 0 0 0 0 0 69 75 76 72 72 71 72 72 76 79 0 0 0 0 0
MR mhcitya 3 0 0 0 70 70 70 70 70 69 69 69 69 70 70 70 70 0 0 0 0 0 0 69 70 71 71 66 65 68 71 71 72 78 0 0 0 0
MR mhcitya 4 0 0 80 70 70 70 70 69 62 62 62 62 62 63 69 70 74 0 0 0 0 0 63 63 63 63 63 63 63 63 63 70 72 0 0 0 0
MR mhcitya 5 0 0 80 70 70 70 70 69 62 62 62 62 62 62 62 63 70 83 0 0 0 0 63 63 63 63 63 69 63 62 63 64 71 74 0 0 0
MR mhcitya 6 0 0 0 70 70 71 70 70 64 63 63 63 63 63 62 62 63 70 0 0 0 63 62 63 63 70 69 69 69 63 62 63 70 72 0 0 0
MR mhcitya 7 0 0 75 74 71 70 71 70 70 70 70 70 69 63 62 62 62 69 74 0 70 69 69 70 70 70 72 70 73 70 63 62 68 71 0 0 0
MR mhcitya 8 0 0 0 0 0 0 0 0 0 0 0 70 70 69 63 62 62 69 71 0 0 71 71 71 69 0 0 0 70 70 63 62 65 71 0 0 0
MR mhcitya 9 0 0 0 0 0 0 0 0 0 0 0 0 70 73 62 62 62 69 72 0 0 0 0 0 0 0 0 0 71 69 62 62 69 70 0 0 0
MR mhcitya 10 0 0 0 0 0 0 0 0 73 70 71 71 70 69 62 62 62 69 73 0 0 0 0 0 0 0 0 71 70 65 62 62 69 70 0 0 0
MR mhcitya 11 0 0 0 0 0 0 0 71 71 70 69 69 69 62 61 61 62 69 77 0 0 0 0 0 0 0 0 70 70 63 62 62 69 70 0 0 0
MR mhcitya 12 0 0 0 0 0 0 0 71 69 64 62 62 61 61 61 61 63 69 72 0 0 0 0 0 0 0 70 71 68 62 62 63 69 71 0 0 0
MR mhcitya 13 0 0 0 0 0 0 70 69 62 62 61 61 61 61 61 62 70 70 72 0 0 0 0 0 0 78 70 69 62 62 61 69 70 0 0 0 0
MR mhcitya 14 0 0 0 0 0 0 70 64 62 62 63 63 62 61 61 62 63 70 70 0 0 0 0 0 70 70 70 62 62 62 64 69 70 0 0 0 0
MR mhcitya 15 0 0 0 0 0 77 70 63 63 63 70 71 63 62 62 62 63 69 70 0 0 70 76 70 70 65 62 62 62 62 68 70 88 0 0 0 0
MR mhcitya 16 0 0 0 0 0 71 70 63 63 71 72 74 71 63 62 62 62 63 70 70 69 70 70 70 63 62 62 62 62 69 70 78 0 0 0 0 0
MR mhcitya 17 0 0 0 0 0 71 63 63 64 70 71 73 71 66 63 62 62 62 63 70 65 64 63 62 62 62 62 80 69 71 79 0 0 0 0 0 0
MR mhcitya 18 0 0 0 0 0 71 63 63 65 71 0 78 71 67 64 62 62 62 62 62 62 62 62 62 62 62 64 69 71 72 0 0 0 0 0 0 0
MR mhcitya 19 0 0 0 0 0 71 64 64 70 71 0 0 73 71 64 63 62 62 62 62 62 62 62 63 63 69 70 71 0 0 0 0 0 0 0 0 0
MR mhcitya 20 0 0 0 0 0 71 70 70 70 73 0 0 89 72 71 64 63 63 63 63 63 63 70 70 70 71 73 0 0 0 0 0 0 0 0 0 0
MR mhcitya 21 0 0 0 0 0 71 70 70 71 71 0 0 0 76 72 71 70 70 70 70 70 71 71 71 71 0 0 0 0 0 0 0 0 0 0 0 0
MR mhcitya 22 0 0 0 0 0 68 67 69 68 73 0 0 0 0 79 77 73 71 71 71 71 72 0 0 0 0 0 0 0 0 0 0 0 0 0 0 0
MR mhcitya 23 0 0 0 0 0 72 0 0 68 70 0 0 0 0 0 0 0 0 0 0 0 0 0 0 0 0 0 0 0 0 0 0 0 0 0 0 0
MR mhcitya 24 0 0 0 0 0 68 66 0 0 68 0 0 0 0 0 0 0 0 0 0 0 0 0 0 0 0 0 0 0 0 0 0 0 0 0 0 0
MR mhcitya 25 0 0 0 0 0 0 0 0 0 68 0 0 0 0 0 0 0 0 0 0 0 0 0 0 0 0 0 0 0 0 0 0 0 0 0 0 0
MR mhcitya 26 0 0 0 0 0 0 0 0 0 0 0 0 0 0 0 0 0 0 0 0 0 0 0 0 0 0 0 0 0 0 0 0 0 0 0 0 0
MSEND mhcitya 473
MS mhcityb -31 33 31 30
MR mhcityb 0 0 0 0 0 0 0 0 0 0 0 0 0 0 0 0 0 0 0 0 0 0 0 0 0 0 0 0 0 0 0 0
MR mhcityb 1 0 0 0 0 0 0 0 77 71 71 71 0 0 0 0 0 0 0 0 0 0 0 0 0 0 0 0 0 0 0 0
MR mhcityb 2 0 0 0 0 0 0 0 70 70 70 70 66 67 78 0 0 0 0 0 0 0 0 0 0 0 0 0 0 0 0 0
MR mhcityb 3 0 0 0 0 0 0 71 69 63 63 63 64 66 70 74 0 0 0 0 0 0 0 0 0 0 0 0 0 0 0 0
MR mhcityb 4 0 0 0 0 0 71 69 63 63 63 63 63 63 64 70 78 0 0 0 0 0 0 0 0 0 0 0 0 0 0 0
MR mhcityb 5 0 0 0 0 74 69 62 62 62 62 62 62 62 63 69 71 0 0 0 71 73 73 73 74 0 0 0 0 0 0 0
MR mhcityb 6 0 0 0 0 70 70 81 62 62 62 62 62 62 62 70 71 0 70 70 69 69 69 69 70 70 75 0 0 0 0 0
MR mhcityb 7 0 0 0 0 71 69 62 62 61 61 61 62 62 69 70 71 68 70 69 63 62 94 62 63 69 71 71 0 0 0 0
MR mhcityb 8 0 0 0 71 70 63 62 62 61 61 61 62 62 70 76 70 70 64 62 62 62 62 62 62 62 69 71 76 0 0 0
MR mhcityb 9 0 0 0 71 69 62 62 61 61 61 61 62 69 70 76 70 64 62 62 62 62 63 62 62 62 62 70 71 0 0 0
MR mhcityb 10 0 0 0 72 69 62 62 61 61 61 62 64 70 75 70 70 63 62 62 63 70 70 69 62 62 75 94 71 0 0 0
MR mhcityb 11 0 0 0 73 70 62 62 61 61 93 69 69 71 71 70 63 62 62 69 70 70 70 70 69 62 62 63 71 78 0 0
MR mhcityb 12 0 0 0 71 70 62 62 61 61 62 71 70 0 70 69 62 62 62 70 70 0 0 70 70 62 62 63 71 77 0 0
MR mhcityb 13 0 0 0 0 70 69 62 61 61 63 70 0 70 70 69 62 62 69 70 0 0 70 70 63 62 62 64 71 79 0 0
MR mhcityb 14 0 0 0 0 70 68 62 61 61 62 70 70 70 69 62 62 63 70 72 0 71 69 63 62 62 62 69 71 0 0 0
MR mhcityb 15 0 0 0 0 71 70 62 61 62 62 63 69 69 62 62 62 70 70 0 71 69 63 62 62 62 64 70 77 0 0 0
MR mhcityb 16 0 0 0 0 0 70 69 62 62 62 62 62 62 62 62 63 70 71 70 69 63 62 62 62 62 69 71 0 0 0 0
MR mhcityb 17 0 0 0 0 0 77 70 63 62 62 61 61 62 62 63 69 70 81 69 63 62 62 62 62 69 70 0 0 0 0 0
MR mhcityb 18 0 0 0 0 0 0 72 70 63 62 62 62 99 65 70 70 0 71 64 62 62 62 62 69 70 78 0 0 0 0 0
MR mhcityb 19 0 0 0 0 0 0 0 71 70 69 69 69 70 70 73 0 72 69 63 62 62 62 69 70 76 0 0 0 0 0 0
MR mhcityb 20 0 0 0 0 0 0 0 0 72 70 70 70 70 87 0 0 72 70 62 62 62 70 70 75 0 0 0 0 0 0 0
MR mhcityb 21 0 0 0 0 0 0 0 0 0 0 0 0 0 0 0 0 72 68 62 62 69 71 71 0 0 0 0 0 0 0 0
MR mhcityb 22 0 0 0 0 0 0 0 0 0 0 0 0 0 0 0 0 71 70 75 62 69 70 76 0 0 0 0 0 0 0 0
MR mhcityb 23 0 0 0 0 0 0 0 0 0 0 0 0 0 0 0 0 72 71 62 62 62 69 70 0 0 0 0 0 0 0 0
MR mhcityb 24 0 0 0 0 0 0 0 0 0 0 0 0 0 0 0 0 88 70 63 62 61 62 63 0 0 0 0 0 0 0 0
MR mhcityb 25 0 0 0 0 0 0 0 0 0 0 0 0 0 0 0 0 0 70 70 63 61 62 62 0 0 0 0 0 0 0 0
MR mhcityb 26 0 0 0 0 0 0 0 0 0 0 0 0 0 0 0 0 0 71 70 69 64 63 0 0 0 0 0 0 0 0 0
MR mhcityb 27 0 0 0 0 0 0 0 0 0 0 0 0 0 0 0 0 0 0 0 72 70 69 0 0 0 0 0 0 0 0 0
MR mhcityb 28 0 0 0 0 0 0 0 0 0 0 0 0 0 0 0 0 0 0 0 0 75 0 0 0 0 0 0 0 0 0 0
MR mhcityb 29 0 0 0 0 0 0 0 0 0 0 0 0 0 0 0 0 0 0 0 0 0 0 0 0 0 0 0 0 0 0 0
MSEND mhcityb 420
